Iteration	Posterior	Likelihood	Prior	rate_log_sd	rate_loss	tree_length
0	-876.9531	-1105.756	228.8032	1.085945	5.538101	1.670709
6	-897.2894	-1126.02	228.7301	1.118976	5.538101	1.699242
12	-893.738	-1122.587	228.8487	0.9702799	5.88095	1.659274
18	-894.734	-1123.833	229.0987	1.009122	3.588439	1.932155
24	-893.4462	-1121.9	228.4538	0.9349868	7.733839	1.677526
30	-884.1923	-1112.339	228.1471	0.8559622	4.977756	2.36246
36	-886.6984	-1116.614	229.9152	1.03291	3.415238	1.373992
42	-889.9394	-1119.28	229.3407	1.568742	5.356548	0.8412915
48	-887.7246	-1117.16	229.435	1.473954	5.77906	0.6832696
54	-883.1215	-1111.984	228.8627	1.660866	7.774386	0.532069
60	-893.0073	-1122.279	229.2713	1.593128	5.128129	0.9612801
66	-884.8226	-1113.908	229.0856	1.593128	6.052118	0.9062731
72	-881.2204	-1110.783	229.5623	1.310858	4.155031	1.222538
78	-889.4342	-1118.899	229.4651	1.239207	4.155031	1.360364
84	-895.9681	-1124.965	228.9971	1.284191	5.783056	1.32936
90	-892.1568	-1120.943	228.7861	1.176866	5.371904	1.648965
96	-895.113	-1123.581	228.4685	0.9330984	5.480683	2.015817
102	-902.9937	-1131.144	228.1501	1.25153	5.480683	2.015817
108	-896.7069	-1125.891	229.1844	1.232146	5.480683	1.28205
114	-897.6483	-1126.673	229.0246	1.339623	6.57518	1.09967
120	-899.8	-1127.793	227.9927	0.8707841	5.645304	2.337821
126	-901.6117	-1130.791	229.1789	1.345929	3.907143	1.560067
132	-891.4582	-1120.344	228.8861	1.402173	5.511825	1.378427
138	-887.3988	-1116.348	228.9489	1.481579	7.032363	0.9365822
144	-887.2992	-1116.36	229.061	1.468684	6.210766	1.022148
150	-886.8749	-1115.979	229.1041	1.578429	6.210766	0.8584528
156	-907.5685	-1136.283	228.7149	1.374003	9.211487	0.8584528
162	-888.8802	-1117.888	229.0079	1.374003	6.489673	1.101086
168	-893.0134	-1121.805	228.7914	1.27167	6.413042	1.38331
174	-884.9439	-1114.106	229.1616	1.14716	5.012088	1.466307
180	-893.173	-1122.022	228.8489	1.059605	4.923477	1.774206
186	-897.5445	-1125.899	228.3544	0.8362875	3.848202	2.466304
192	-889.5596	-1118.817	229.2577	1.141144	5.142524	1.368806
198	-880.7979	-1110.077	229.2789	1.365953	5.488202	1.082227
204	-899.6696	-1128.253	228.5839	1.147885	6.833694	1.563344
210	-885.4803	-1114.534	229.0534	1.443201	4.619551	1.409341
216	-880.1645	-1109.262	229.0975	1.387141	6.124787	1.084355
222	-897.9261	-1127.181	229.2552	1.350406	4.010666	1.473633
228	-894.1958	-1123.286	229.0905	1.570854	6.253853	0.8715948
234	-882.7004	-1112.027	229.3268	1.493623	4.515561	1.170155
240	-887.1638	-1116.024	228.8605	1.27859	6.843549	1.244638
246	-884.7654	-1114.246	229.4806	1.273476	5.455312	0.9845969
252	-876.3297	-1105.294	228.9644	1.242646	7.599374	1.045017
258	-877.6255	-1106.452	228.8262	1.351241	7.599374	1.073094
264	-888.1939	-1117.063	228.8693	1.184524	7.599374	1.184074
270	-883.7566	-1112.818	229.0616	1.502154	5.788869	1.086593
276	-890.5986	-1119.686	229.0873	1.262539	5.828656	1.264373
282	-889.8071	-1118.786	228.9789	1.155961	5.814287	1.437969
288	-886.5364	-1115.188	228.6517	1.19038	7.100549	1.437969
294	-882.2883	-1111.147	228.8589	1.147836	6.351183	1.437969
300	-884.7381	-1113.612	228.8742	1.158657	5.352222	1.602244
306	-883.6237	-1112.749	229.1258	1.232638	5.828255	1.257329
312	-897.7128	-1126.632	228.9196	1.265877	4.821481	1.598044
318	-884.6782	-1113.559	228.8804	1.172586	4.681312	1.722254
324	-877.203	-1106.489	229.286	1.38372	5.468302	1.063761
330	-884.5822	-1113.794	229.2118	1.310545	6.058666	1.063761
336	-890.4202	-1119.057	228.6367	1.441995	8.290811	1.041297
342	-890.3488	-1119.611	229.2618	1.528503	5.731837	0.868318
348	-900.1825	-1129.263	229.0805	1.282049	6.958802	1.021959
354	-903.8715	-1133.146	229.2744	1.249712	4.7836	1.34985
360	-894.9072	-1123.492	228.5852	1.210552	4.928643	1.851051
366	-895.2757	-1124.497	229.221	1.088814	5.020209	1.463757
372	-891.0038	-1119.932	228.9282	1.012528	6.890028	1.396328
378	-896.2347	-1124.889	228.6548	1.163111	5.713578	1.689668
384	-903.6228	-1132.558	228.9348	1.435821	5.713578	1.270872
390	-891.3673	-1120.821	229.4538	1.517926	4.695491	0.977625
396	-900.2866	-1129.389	229.1024	1.499178	6.569461	0.8569869
402	-893.3831	-1122.386	229.0034	1.286445	6.857839	1.110886
408	-887.3374	-1116.109	228.7717	1.473543	7.919202	0.9438463
414	-901.3182	-1130.547	229.2292	1.086472	4.902783	1.484427
420	-894.4763	-1123.237	228.7602	0.8025946	5.753052	1.860377
426	-896.6055	-1125.081	228.4754	1.14739	5.183662	1.920539
432	-891.1612	-1119.89	228.7289	1.220222	6.291927	1.492061
438	-903.8724	-1132.225	228.3526	1.31922	8.552915	1.351152
444	-907.6775	-1136.519	228.8411	1.177763	8.552915	1.052889
450	-895.311	-1123.971	228.6604	1.36322	8.461314	1.064079
456	-910.88	-1139.523	228.643	1.204093	6.181957	1.586649
462	-900.0845	-1129.028	228.9435	1.397701	6.095684	1.217392
468	-888.6777	-1117.887	229.2088	1.136449	4.559447	1.537644
474	-890.7551	-1119.509	228.7536	1.465326	7.15988	1.117082
480	-898.6387	-1127.642	229.0032	1.296812	5.933298	1.284239
486	-886.6945	-1115.662	228.9677	1.296812	6.080653	1.284239
492	-902.2298	-1131.127	228.8976	1.215789	7.759714	1.103123
498	-897.4451	-1126.766	229.3213	1.576885	5.298047	0.8734207
504	-894.1587	-1123.148	228.9893	1.2679	5.298047	1.446029
510	-908.0821	-1136.598	228.5164	1.012126	7.310202	1.638219
516	-900.009	-1128.956	228.9474	1.106621	5.090508	1.638219
522	-903.3133	-1131.816	228.5029	1.236978	5.090508	1.858306
528	-902.371	-1131.225	228.8538	1.244866	5.712823	1.484729
534	-910.6778	-1138.926	228.2477	1.144374	9.165184	1.484729
540	-918.2226	-1147.504	229.2815	1.361162	5.118739	1.172968
546	-896.6961	-1125.739	229.0432	1.163261	4.395389	1.675021
552	-898.2967	-1127.719	229.4224	0.9854896	4.152336	1.585632
558	-890.9266	-1120.347	229.4204	1.418228	5.368992	0.9194845
564	-911.642	-1141.043	229.4012	1.36998	4.813809	1.135469
570	-910.9717	-1139.656	228.6839	1.229386	8.190958	1.207182
576	-892.9977	-1121.847	228.8494	1.409028	6.668737	1.175547
582	-902.4892	-1131.259	228.7696	1.393769	7.097378	1.177879
588	-904.7018	-1133.549	228.8473	1.243575	7.081333	1.242595
594	-894.4269	-1122.946	228.5191	1.090384	6.632866	1.683595
600	-900.2753	-1128.77	228.4945	1.114983	6.632866	1.683595
606	-891.4375	-1120.501	229.0639	1.234261	6.632866	1.147631
612	-884.9166	-1113.964	229.0471	0.9192249	6.474389	1.447355
618	-880.7021	-1109.908	229.2058	1.000539	6.202146	1.308146
624	-887.6575	-1116.72	229.0624	1.556648	6.202146	0.9326493
630	-889.1824	-1118.152	228.9692	1.255521	8.2368	0.9008807
636	-885.456	-1114.852	229.3957	1.455674	5.053446	0.9956828
642	-881.7877	-1111.271	229.4836	1.407455	5.053446	0.9549772
648	-882.6665	-1111.895	229.229	1.492525	5.816401	0.922389
654	-900.0412	-1129.651	229.6103	1.339745	4.951613	0.922389
660	-881.6983	-1110.897	229.1984	1.480709	6.061606	0.9032692
666	-888.0332	-1117.195	229.1617	1.387508	6.625147	0.9032692
672	-910.5122	-1139.526	229.014	1.456343	5.713951	1.186726
678	-908.4295	-1137.086	228.6561	1.423478	7.513629	1.17661
684	-906.7149	-1135.485	228.7705	1.432775	7.513629	1.064847
690	-903	-1132.504	229.5038	1.401154	4.6208	1.064847
696	-885.8177	-1114.961	229.1435	1.365763	6.955168	0.8664835
702	-879.2947	-1108.381	229.0861	1.353904	6.982689	0.9377004
708	-885.9414	-1114.88	228.9384	1.336269	5.595856	1.372129
714	-886.4193	-1115.405	228.9853	1.321987	7.16268	1.033937
720	-892.5972	-1121.556	228.9588	1.391834	5.273354	1.378768
726	-902.5344	-1131.673	229.1382	1.297787	5.273354	1.310876
732	-903.8407	-1132.759	228.9185	1.102284	5.923894	1.503996
738	-892.4624	-1121.436	228.9738	1.487103	6.989873	0.9132072
744	-895.7557	-1125.177	229.4214	1.571885	5.390515	0.7101872
750	-898.428	-1127.43	229.0023	1.463608	7.930849	0.6312092
756	-892.3145	-1121.38	229.0654	1.449432	7.565165	0.6787615
762	-894.6698	-1123.756	229.0861	1.372694	6.337259	1.06194
768	-883.9123	-1113.224	229.312	1.312815	6.337259	0.8914023
774	-884.7843	-1113.819	229.0349	1.589962	6.337259	0.8914023
780	-895.0302	-1123.502	228.4717	1.223017	8.210089	1.3825
786	-876.2875	-1105.143	228.8558	1.203891	6.016143	1.457729
792	-889.8457	-1119.22	229.3746	1.058771	4.620559	1.457729
798	-897.7016	-1126.76	229.0584	1.141615	5.219374	1.505233
804	-894.7314	-1123.835	229.1037	1.292276	4.963675	1.409865
810	-884.5086	-1114.498	229.9894	1.071355	3.454652	1.271347
816	-883.7976	-1113.236	229.4385	1.016889	3.399059	1.742189
822	-880.8194	-1110.597	229.7778	1.395882	3.711025	1.091371
828	-887.861	-1117.061	229.2003	1.539144	6.021509	0.8439361
834	-893.8228	-1123.195	229.3724	1.533661	4.969828	0.9638081
840	-891.0811	-1120.466	229.3852	1.329739	4.716903	1.209123
846	-886.9733	-1116.319	229.3461	1.040646	5.273869	1.350202
852	-901.3007	-1130.118	228.8174	1.314813	5.93061	1.418021
858	-892.3521	-1121.464	229.1116	1.005819	4.055244	1.814235
864	-903.8924	-1133.058	229.166	1.147163	3.536512	1.805044
870	-901.4268	-1130.228	228.8014	0.945459	5.35081	1.805044
876	-905.5886	-1134.27	228.6811	0.9046369	5.35081	1.915207
882	-919.0082	-1147.544	228.5361	1.23128	8.23423	1.321295
888	-912.9378	-1142.217	229.2789	1.23128	4.798955	1.357379
894	-890.7627	-1119.951	229.1884	1.102115	5.749645	1.328653
900	-898.1083	-1127.282	229.1736	1.166383	6.875615	1.060897
906	-895.7063	-1125.015	229.3088	1.312995	4.035047	1.455107
912	-899.633	-1129.179	229.5464	1.079828	3.441851	1.608725
918	-890.3753	-1119.927	229.5514	1.360067	4.355486	1.133513
924	-903.8566	-1133.373	229.5163	1.608251	4.170392	0.9877062
930	-893.1843	-1122.623	229.4384	1.070111	3.522035	1.671657
936	-894.9798	-1123.876	228.8963	1.061544	4.311776	1.866578
942	-880.8259	-1109.878	229.0518	1.34853	7.453343	0.8731231
948	-889.212	-1118.456	229.2443	1.159451	5.816604	1.221795
954	-897.4076	-1126.365	228.9572	1.351007	6.929781	1.079706
960	-893.4988	-1122.569	229.0705	1.351624	6.514812	1.058403
966	-905.7212	-1134.494	228.7729	1.192684	8.057968	1.18365
972	-895.1693	-1124.613	229.4435	1.387593	4.725814	1.104518
978	-908.9821	-1137.815	228.8327	1.157638	7.244399	1.297486
984	-896.505	-1125.499	228.9942	1.329364	4.577861	1.549603
990	-883.0378	-1112.25	229.2125	1.06735	4.577861	1.581668
996	-876.1225	-1104.541	228.4188	0.9215443	5.015566	2.138751
1002	-886.1272	-1114.616	228.489	0.9215443	6.085934	1.9087
1008	-888.521	-1117.307	228.7856	1.040042	4.538471	1.9087
1014	-888.896	-1118.132	229.2363	1.116415	4.829726	1.472282
1020	-892.1478	-1120.792	228.6444	1.03007	4.392989	2.039937
1026	-885.9351	-1115.059	229.1236	1.229827	4.382325	1.571764
1032	-877.2552	-1106.602	229.3471	1.433273	4.152499	1.300139
1038	-878.5631	-1107.917	229.3535	1.362257	5.037204	1.128271
1044	-888.5404	-1117.872	229.3317	1.105226	4.249421	1.541222
1050	-891.8139	-1120.89	229.0762	1.139341	4.249421	1.70132
1056	-887.9476	-1116.912	228.9644	1.091613	4.57775	1.741861
1062	-899.4987	-1128.833	229.3339	1.257231	4.57775	1.34501
1068	-900.8912	-1130.648	229.7566	1.552425	4.272478	0.7231184
1074	-889.0954	-1118.168	229.0729	1.159949	5.96919	1.331594
1080	-899.6998	-1128.797	229.097	1.425335	6.301261	1.008551
1086	-893.552	-1123.48	229.9275	1.195434	4.23061	0.9694249
1092	-894.5694	-1123.991	229.4217	1.374336	4.461632	1.20549
1098	-908.3959	-1137.757	229.3608	1.223462	4.461632	1.378445
1104	-902.6553	-1131.902	229.2465	0.9895737	6.150863	1.293819
1110	-897.0106	-1126.504	229.4935	1.173136	4.167467	1.386863
1116	-891.2559	-1120.658	229.4024	1.397813	4.454808	1.203719
1122	-885.406	-1114.334	228.928	1.28805	6.110035	1.317901
1128	-889.6779	-1118.986	229.3077	1.116186	5.128771	1.351992
1134	-898.7049	-1128.4	229.6949	1.324271	4.056105	1.12372
1140	-896.5294	-1125.937	229.4076	1.293785	4.056105	1.388297
1146	-887.8244	-1117.131	229.3066	1.077047	5.260231	1.355519
1152	-898.4422	-1127.615	229.1727	1.227188	5.22824	1.349476
1158	-893.6124	-1122.848	229.2353	1.277992	6.107531	1.061356
1164	-896.3647	-1125.583	229.2182	1.239274	6.05827	1.123638
1170	-893.2268	-1122.429	229.2027	1.39918	5.162061	1.197922
1176	-899.9429	-1128.895	228.9518	1.316882	5.727351	1.350537
1182	-880.6902	-1109.741	229.0504	1.033658	4.977155	1.639342
1188	-892.9422	-1122.327	229.3852	1.454848	4.858332	1.060387
1194	-902.3205	-1131.447	229.1262	1.772089	5.779205	0.7023511
1200	-891.1709	-1120.386	229.2156	1.538927	6.231498	0.7573923
1206	-896.0919	-1125.203	229.111	1.554687	6.231498	0.8725809
1212	-892.7834	-1122.003	229.2199	1.10354	5.252763	1.404366
1218	-887.2003	-1116.966	229.7655	1.448001	3.685369	1.062784
1224	-884.1343	-1113.296	229.1615	1.464406	5.971397	0.9830843
1230	-894.0827	-1123.084	229.0012	1.652962	5.812976	0.9937329
1236	-895.0551	-1124.324	229.2687	1.486002	4.807282	1.151808
1242	-893.5336	-1122.249	228.7155	1.556367	7.148236	1.070576
1248	-883.6336	-1112.696	229.0626	1.564873	6.854628	0.7378252
1254	-883.9249	-1113.267	229.3426	1.564873	5.186132	0.8975117
1260	-885.615	-1114.376	228.7608	1.433974	7.051399	1.158913
1266	-887.5246	-1116.895	229.3702	1.30571	5.931548	0.9410282
1272	-883.2716	-1112.347	229.0754	1.563118	6.086645	0.9410282
1278	-901.1357	-1130.381	229.2449	1.309969	5.567231	1.145377
1284	-893.7886	-1122.819	229.0307	1.232762	5.567231	1.386686
1290	-884.481	-1113.796	229.3154	1.039867	5.218722	1.386686
1296	-885.9659	-1115.454	229.4881	1.1609	3.894448	1.470645
1302	-879.3629	-1108.74	229.3773	1.276267	3.881453	1.470645
1308	-893.7282	-1122.895	229.1669	1.031426	3.881453	1.799001
1314	-903.4658	-1132.161	228.6952	0.910324	3.59063	2.261605
1320	-896.5174	-1125.746	229.229	1.122729	6.00926	1.225965
1326	-881.7755	-1110.967	229.1913	1.202777	5.049633	1.392641
1332	-887.4271	-1116.996	229.5687	1.155653	4.552852	1.242576
1338	-895.8326	-1125.165	229.3323	1.290631	4.897844	1.242576
1344	-904.1434	-1133.184	229.0408	1.226216	4.679337	1.568872
1350	-890.0349	-1119.674	229.6387	1.112338	4.114854	1.333727
1356	-884.6769	-1113.381	228.7039	1.092235	6.297776	1.60408
1362	-879.8632	-1108.575	228.7118	1.370266	5.419365	1.553292
1368	-874.2863	-1103.182	228.8959	1.037624	6.21083	1.517922
1374	-885.1544	-1114.001	228.8467	1.062719	4.680543	1.822409
1380	-901.7065	-1130.892	229.1852	0.8176604	4.868679	1.719115
1386	-906.4585	-1135.021	228.5628	0.981778	4.354901	2.133161
1392	-887.5831	-1117.088	229.5053	1.238531	4.77421	1.16975
1398	-898.2226	-1127.591	229.368	1.321973	5.39996	1.061539
1404	-905.1865	-1134.217	229.0305	1.320869	5.782	1.272665
1410	-901.3915	-1130.471	229.0796	1.554752	5.755272	1.027491
1416	-894.0962	-1123.729	229.6325	1.539591	4.066484	0.9740184
1422	-878.5142	-1107.288	228.774	1.165161	5.930763	1.563331
1428	-868.9887	-1098.236	229.2473	1.166522	4.228004	1.563331
1434	-875.0656	-1103.523	228.4577	1.027692	5.128502	2.022667
1440	-880.1933	-1108.793	228.5992	1.189665	7.76928	1.374399
1446	-880.3284	-1109.127	228.7988	1.210541	6.584301	1.395065
1452	-881.4175	-1110.246	228.828	1.137146	5.648284	1.595654
1458	-881.8187	-1110.373	228.5548	1.375728	7.540032	1.297287
1464	-887.3639	-1116.348	228.9838	1.224917	5.067514	1.529815
1470	-898.4915	-1127.47	228.9784	1.400849	6.319872	1.138597
1476	-889.6879	-1118.481	228.7927	1.28303	6.963531	1.275767
1482	-899.4966	-1128.122	228.6258	1.478258	4.966233	1.627139
1488	-885.9373	-1114.714	228.7766	1.334118	7.169816	1.210143
1494	-887.3637	-1116.366	229.0027	1.566778	7.364613	0.6498774
1500	-884.9056	-1114.119	229.2138	1.52358	5.962931	0.8634979
1506	-886.5001	-1115.692	229.1917	1.142916	5.779369	1.286971
1512	-880.7225	-1109.945	229.2227	1.441322	4.985308	1.186611
1518	-889.9062	-1119.13	229.2241	1.473763	5.68366	0.9821757
1524	-892.4989	-1121.567	229.0686	1.351945	6.547171	1.052987
1530	-887.8445	-1116.104	228.2597	1.562953	9.490119	1.085904
1536	-890.1843	-1119.377	229.1931	1.468302	6.058159	0.9237608
1542	-880.9694	-1110.171	229.202	1.511127	6.281659	0.7990004
1548	-886.7474	-1115.388	228.6401	1.716314	7.982565	0.7987632
1554	-888.8605	-1117.727	228.8662	1.523976	7.982565	0.7511252
1560	-885.8245	-1115.084	229.2594	1.55067	5.576777	0.8908864
1566	-876.1404	-1105.432	229.2911	1.429338	5.617525	0.9762906
1572	-875.1669	-1104.174	229.0076	1.053145	5.790354	1.498663
1578	-885.5626	-1114.559	228.9962	1.130301	6.193072	1.373514
1584	-883.4136	-1112.314	228.9005	1.111636	7.053923	1.311994
1590	-885.0163	-1113.482	228.4655	1.565051	9.637317	0.843781
1596	-892.2906	-1121.248	228.9572	1.675658	6.767895	0.7581036
1602	-885.1772	-1113.945	228.7683	1.613827	7.134519	0.964915
1608	-881.2098	-1109.798	228.5882	1.632944	9.206637	0.6653177
1614	-894.6263	-1122.952	228.3258	1.521175	11.68721	0.6572891
1620	-880.589	-1109.137	228.5479	1.381359	8.056885	1.214984
1626	-881.8847	-1110.173	228.2881	1.229399	10.50031	1.214984
1632	-892.2675	-1121.02	228.7528	1.177098	6.862671	1.409324
1638	-891.4322	-1119.727	228.2946	1.37195	8.843842	1.3141
1644	-902.1253	-1130.962	228.8364	1.356903	5.54464	1.445366
1650	-893.4526	-1122.402	228.9492	1.218427	5.645232	1.445366
1656	-897.7565	-1126.392	228.6352	1.176585	5.991156	1.645195
1662	-877.489	-1106.158	228.6689	1.041798	8.228442	1.367246
1668	-883.3628	-1112.215	228.852	1.285962	7.427418	1.140507
1674	-884.9208	-1113.835	228.9137	1.2242	7.427418	1.140507
1680	-888.9729	-1117.956	228.9831	1.378797	6.627541	1.091112
1686	-886.4992	-1115.154	228.6544	1.112004	9.801648	1.091112
1692	-889.067	-1117.576	228.5091	1.350254	10.1626	0.9435009
1698	-903.5742	-1132.555	228.9805	1.507317	6.884007	0.9085658
1704	-905.6003	-1134.201	228.6003	1.553083	8.590734	0.9085658
1710	-913.3661	-1141.821	228.4554	1.135925	6.503101	1.71704
1716	-898.5493	-1128.142	229.5932	1.394996	5.096896	0.8306084
1722	-892.735	-1121.862	229.1271	2.021338	5.047771	0.4427101
1728	-889.4488	-1118.446	228.9969	1.908399	6.007054	0.532464
1734	-890.2017	-1118.965	228.7634	1.934903	6.758605	0.6476949
1740	-885.783	-1114.523	228.7403	1.833632	7.48861	0.4391633
1746	-886.7953	-1116.015	229.2193	1.591639	5.88624	0.7942721
1752	-880.6676	-1109.915	229.2473	1.427049	5.980608	0.9299044
1758	-883.4077	-1113.484	230.0767	1.379426	3.523418	0.8725362
1764	-884.7433	-1114.02	229.2764	1.549096	5.746175	0.8207161
1770	-891.3181	-1121.085	229.7673	1.540918	3.907506	0.8847117
1776	-890.3836	-1119.576	229.1927	1.341577	6.082497	1.04706
1782	-886.5885	-1115.389	228.8009	1.156444	5.666283	1.597995
1788	-903.8998	-1133.498	229.5984	1.409066	4.27986	1.067448
1794	-889.5162	-1118.123	228.6066	1.031958	5.572266	1.839877
1800	-896.424	-1125.216	228.7923	1.315007	5.895205	1.443789
1806	-889.0337	-1118.241	229.2069	1.135386	5.458422	1.346682
1812	-898.8327	-1127.442	228.6089	1.357574	8.564663	1.09992
1818	-890.1047	-1119.098	228.9934	1.313203	7.270685	1.01275
1824	-898.4258	-1127.474	229.048	1.209325	5.693955	1.366153
1830	-895.8427	-1124.998	229.1548	1.362221	5.758661	1.135885
1836	-900.6631	-1129.836	229.1726	1.339751	5.758661	1.140091
1842	-889.1869	-1118.008	228.8208	1.211293	4.99078	1.673813
1848	-896.5709	-1125.58	229.0095	1.042352	4.920737	1.673813
1854	-881.9755	-1110.633	228.6574	1.027972	4.992507	1.913947
1860	-890.0344	-1118.993	228.9584	1.033567	4.700858	1.760957
1866	-891.3991	-1120.18	228.7812	1.236923	6.742221	1.360738
1872	-878.4019	-1107.557	229.1549	1.359357	5.41719	1.214408
1878	-872.7533	-1102.275	229.5215	1.18467	5.125985	1.114719
1884	-883.6518	-1112.691	229.0387	1.683344	6.553351	0.6906298
1890	-895.665	-1125.22	229.555	1.531521	4.819567	0.8048859
1896	-889.533	-1118.729	229.1962	1.547077	5.876178	0.88139
1902	-886.5122	-1115.814	229.3017	1.406611	6.030361	0.8784643
1908	-883.1218	-1112.782	229.6603	1.511306	4.671517	0.7460678
1914	-882.6167	-1112.199	229.5821	1.653969	4.599058	0.6736034
1920	-900.1993	-1128.792	228.5929	1.385861	9.805324	0.8733358
1926	-898.9781	-1127.874	228.8961	1.463788	7.655202	0.8733358
1932	-889.0036	-1118.301	229.2978	1.282071	5.681856	1.096462
1938	-895.9687	-1124.803	228.8344	1.175844	6.774224	1.361462
1944	-889.1043	-1117.828	228.7239	1.228835	7.984077	1.206798
1950	-887.7413	-1117.113	229.3714	1.59216	5.183002	0.8319679
1956	-884.5103	-1113.197	228.6867	1.480268	9.101415	0.7824001
1962	-881.0449	-1109.659	228.6142	1.467826	9.267953	0.8553665
1968	-899.6227	-1128.196	228.5733	1.151035	7.46392	1.470802
1974	-881.3033	-1109.984	228.6807	1.120569	7.089534	1.470802
1980	-890.0773	-1118.78	228.7028	1.163754	9.165927	1.09539
1986	-887.22	-1115.695	228.4752	1.202256	8.710998	1.324138
1992	-899.7365	-1128.484	228.7471	0.9488941	5.329607	1.84392
1998	-885.8462	-1114.595	228.7485	1.090418	5.445246	1.723446
2004	-883.0591	-1111.697	228.6376	1.182292	6.456323	1.56009
2010	-888.7377	-1116.883	228.1448	0.8491171	5.739011	2.239253
2016	-897.4138	-1125.431	228.0172	0.9192046	5.97263	2.239253
2022	-897.1943	-1126.302	229.1077	0.925197	4.161151	1.84838
2028	-898.1384	-1127.364	229.2259	1.192677	5.134353	1.35496
2034	-892.6565	-1121.995	229.3385	1.192677	4.634879	1.378869
2040	-892.2911	-1120.693	228.4022	1.099178	5.99721	1.861385
2046	-897.1154	-1125.874	228.7585	0.9425676	6.115245	1.702966
2052	-881.6435	-1110.618	228.9746	0.9958108	6.115245	1.507246
2058	-889.2608	-1118.324	229.0635	1.201984	6.616204	1.179544
2064	-885.613	-1114.678	229.0652	1.237446	6.616204	1.146935
2070	-900.7031	-1129.771	229.0682	1.462082	7.437923	0.6971956
2076	-899.7777	-1129.078	229.3006	1.471183	5.128097	1.053312
2082	-902.8185	-1132.226	229.407	1.293046	5.128097	1.119774
2088	-905.9405	-1135.154	229.2138	1.238843	5.498317	1.24846
2094	-890.8163	-1119.756	228.9393	1.041528	5.822639	1.552147
2100	-892.0201	-1121.149	229.1291	1.232789	6.149483	1.18873
2106	-890.4767	-1119.388	228.9111	1.403732	7.267325	1.00531
2112	-885.2886	-1114.983	229.6939	1.334406	4.417929	1.00531
2118	-881.9453	-1111.213	229.2674	1.535965	5.73835	0.8506862
2124	-893.3759	-1122.136	228.7599	1.243092	7.01079	1.326724
2130	-896.8424	-1126.012	229.1696	1.345676	6.261476	1.024628
2136	-889.8432	-1118.953	229.1102	1.137847	7.112188	1.099668
2142	-900.0854	-1129.128	229.0429	1.146922	7.112188	1.151992
2148	-893.4803	-1122.853	229.3726	1.242485	5.033818	1.216905
2154	-899.2305	-1128.061	228.831	1.120177	6.294341	1.490131
2160	-893.824	-1122.817	228.9928	0.9145799	4.085694	1.950369
2166	-888.2714	-1117.642	229.3703	0.9286286	4.085694	1.68001
2172	-879.2116	-1108.647	229.4353	0.9878807	4.024156	1.605374
2178	-882.2894	-1111.312	229.0229	1.289368	7.143603	1.032971
2184	-891.7304	-1120.788	229.0576	1.389236	7.22415	0.8734752
2190	-880.5153	-1110.228	229.713	1.092774	3.785454	1.379082
2196	-887.3616	-1116.286	228.9246	1.187109	6.530003	1.323757
2202	-892.8824	-1120.996	228.1134	1.114413	5.799422	2.077232
2208	-891.583	-1120.182	228.5991	0.9925754	4.52719	2.067343
2214	-890.8227	-1119.686	228.8638	1.262647	4.352326	1.741136
2220	-883.8015	-1113.48	229.6782	1.268363	4.045569	1.190736
2226	-880.1266	-1109.335	229.2085	1.196742	4.598674	1.483948
2232	-886.2199	-1114.93	228.71	1.07004	6.411125	1.5968
2238	-892.4769	-1121.463	228.9863	0.9963059	5.322173	1.644336
2244	-889.4889	-1118.675	229.1858	1.035356	4.486428	1.644336
2250	-887.428	-1115.768	228.3398	0.9480231	6.597748	1.911925
2256	-894.8603	-1123.341	228.4806	0.7494595	6.860741	1.911925
2262	-905.1271	-1133.881	228.7539	0.9010822	5.872646	1.776367
2268	-908.1991	-1137.326	229.1273	1.065748	5.588947	1.436851
2274	-912.5035	-1141.477	228.9738	1.002648	5.588947	1.598469
2280	-890.3518	-1119.416	229.0637	1.236698	5.5736	1.356274
2286	-889.8716	-1119.364	229.4928	1.45079	4.653908	1.01816
2292	-889.9505	-1118.719	228.7688	1.336808	6.332254	1.364495
2298	-888.2601	-1116.839	228.5785	1.096594	7.512598	1.500487
2304	-878.5316	-1107.015	228.4836	1.091363	6.997435	1.651668
2310	-878.3113	-1107.384	229.0727	1.124854	5.629442	1.425492
2316	-879.9643	-1108.958	228.9941	1.283322	5.670464	1.354971
2322	-892.7067	-1122.042	229.3353	1.129795	5.137366	1.31717
2328	-905.2725	-1134.157	228.8842	1.024455	5.523779	1.659455
2334	-886.9468	-1116.065	229.1185	1.243977	5.65749	1.289166
2340	-894.8359	-1123.873	229.0372	1.256526	4.216288	1.653243
2346	-891.3899	-1120.379	228.9893	1.375647	4.665692	1.499223
2352	-891.1662	-1120.064	228.8977	1.098665	4.835467	1.730398
2358	-887.0855	-1116.503	229.4173	1.313569	4.835467	1.165597
2364	-901.4571	-1131.065	229.6078	1.47124	4.54292	0.9121863
2370	-901.5904	-1130.89	229.2999	1.402882	5.93054	0.9121863
2376	-894.6703	-1124.125	229.4546	1.170796	4.865478	1.24829
2382	-890.6926	-1119.918	229.2256	1.37231	6.117622	0.9758133
2388	-896.7086	-1125.635	228.926	1.474166	6.34232	1.115081
2394	-886.7749	-1115.903	229.1278	1.18615	7.190165	1.02187
2400	-889.7656	-1118.611	228.8451	1.300053	6.746952	1.257109
2406	-898.7777	-1127.591	228.8138	1.368776	5.873036	1.389867
2412	-890.1074	-1118.934	228.8262	1.057076	7.500853	1.341687
2418	-880.9988	-1110.057	229.0586	1.038473	6.372011	1.36396
2424	-902.1135	-1131.132	229.0184	1.301597	5.665504	1.321959
2430	-896.4809	-1125.776	229.2954	1.341735	5.993582	0.9660257
2436	-905.9375	-1134.67	228.7325	1.575269	5.993582	1.265849
2442	-899.1973	-1128.391	229.194	1.271822	5.446115	1.248783
2448	-888.437	-1117.729	229.2917	1.211713	5.304044	1.248783
2454	-884.3963	-1113.635	229.2389	1.248269	5.474675	1.224643
2460	-876.9552	-1106.416	229.4604	1.367695	4.078589	1.281032
2466	-890.629	-1119.912	229.283	1.355278	5.068255	1.188866
2472	-897.6514	-1127.108	229.4569	1.425548	4.041496	1.246228
2478	-898.6155	-1128.287	229.6718	1.153902	4.283114	1.227739
2484	-891.9888	-1120.961	228.9723	1.262739	6.438584	1.239599
2490	-888.1146	-1117.041	228.9263	0.7755231	4.696906	1.960218
2496	-888.2322	-1116.497	228.2644	0.8261622	6.752633	2.021203
2502	-884.2175	-1113.679	229.4616	1.167221	3.81592	1.50638
2508	-884.4899	-1113.531	229.0411	1.265746	5.636047	1.338502
2514	-889.4491	-1118.988	229.539	1.452873	3.636326	1.272544
2520	-892.5427	-1121.823	229.2802	1.171645	5.390351	1.272544
2526	-892.3307	-1120.984	228.6536	1.484025	6.253884	1.353519
2532	-901.0658	-1129.952	228.886	1.175543	6.871546	1.3035
2538	-903.9396	-1132.964	229.0244	1.249352	4.887143	1.519227
2544	-878.0156	-1107.154	229.1388	0.9007708	4.623991	1.743634
2550	-885.0511	-1114.092	229.0405	1.025305	5.698016	1.512201
2556	-885.2946	-1114.218	228.9231	1.138342	5.051757	1.640608
2562	-884.978	-1114.003	229.025	1.051482	5.714084	1.501139
2568	-900.5522	-1129.653	229.1011	1.407834	5.978847	1.094192
2574	-905.4899	-1134.512	229.0221	1.558973	7.017126	0.7553246
2580	-906.3032	-1135.968	229.665	1.449077	4.587944	0.8562061
2586	-892.735	-1122.365	229.6297	1.305958	4.685392	1.0168
2592	-898.6508	-1128.023	229.3725	1.300582	5.503944	1.051787
2598	-894.4241	-1123.272	228.8477	1.244481	8.901502	0.9155684
2604	-880.5844	-1109.272	228.6877	1.246433	8.554817	1.130821
2610	-885.8486	-1114.815	228.9665	1.640515	7.019491	0.7140125
2616	-890.8807	-1120.213	229.3321	1.691614	5.267284	0.7140125
2622	-899.5364	-1128.724	229.188	1.257854	6.533821	1.031507
2628	-899.6308	-1128.826	229.1953	1.271602	6.440763	1.031507
2634	-887.6993	-1116.78	229.0802	1.322356	6.193955	1.143963
2640	-887.282	-1116.666	229.3838	1.49539	5.909028	0.6789368
2646	-878.9047	-1107.567	228.6627	1.446434	9.829593	0.6841374
2652	-886.6555	-1115.927	229.2719	1.60155	5.815834	0.728513
2658	-888.2993	-1117.677	229.3775	1.193616	5.171965	1.221881
2664	-893.1601	-1121.726	228.5657	1.135116	5.365214	1.834138
2670	-868.1149	-1097.588	229.4734	1.110351	4.299077	1.418333
2676	-872.4249	-1102.06	229.6349	1.0593	4.299077	1.331594
2682	-881.0737	-1110.011	228.9375	0.7785753	4.513929	1.987438
2688	-902.8864	-1132.021	229.1351	1.058825	4.460444	1.669582
2694	-893.2756	-1122.561	229.2851	1.14566	5.549231	1.25572
2700	-898.5185	-1127.427	228.9085	0.7454895	6.713387	1.638997
2706	-892.8509	-1121.824	228.9733	1.132145	4.903203	1.638997
2712	-885.8118	-1114.857	229.045	1.355992	6.915128	0.9930539
2718	-875.9928	-1104.704	228.7115	1.36926	8.130839	1.067673
2724	-882.9611	-1111.337	228.3759	1.239901	6.300887	1.732348
2730	-885.0731	-1113.415	228.3424	1.002639	6.501488	1.887756
2736	-887.6396	-1116.581	228.9412	0.9155927	7.219068	1.407552
2742	-887.8404	-1116.298	228.4579	1.22197	8.117223	1.407552
2748	-886.0952	-1115.011	228.9159	1.044298	7.901709	1.213811
2754	-886.2964	-1114.609	228.313	1.10627	7.901709	1.6324
2760	-897.7372	-1126.998	229.2607	1.30552	4.906578	1.28741
2766	-897.3435	-1126.429	229.0858	1.153485	6.667791	1.192304
2772	-886.3721	-1114.757	228.3852	1.042137	8.127203	1.59558
2778	-882.1006	-1111.031	228.9307	1.359537	4.718434	1.543277
2784	-895.692	-1124.858	229.1657	1.231382	5.556318	1.282001
2790	-891.9684	-1121.071	229.1026	1.231382	4.511859	1.556658
2796	-898.9375	-1128.077	229.1391	1.04102	5.747724	1.415924
2802	-889.7479	-1118.737	228.9888	0.7958071	5.923221	1.676448
2808	-879.0051	-1107.529	228.5234	1.013077	4.107527	2.190207
2814	-885.8891	-1114.823	228.9337	1.01904	4.107527	1.91492
2820	-876.4583	-1105.662	229.2041	1.14749	5.282112	1.376228
2826	-877.678	-1106.549	228.8713	1.28401	5.282112	1.526011
2832	-883.7769	-1113.468	229.691	1.294953	4.169588	1.11999
2838	-893.0079	-1122.875	229.8673	1.640982	3.565051	0.7874052
2844	-893.2988	-1123.057	229.7582	1.610168	3.960105	0.7874052
2850	-880.0181	-1109.558	229.5397	1.60028	4.87422	0.7017631
2856	-890.6954	-1120.192	229.4965	1.756055	4.139273	0.8589218
2862	-884.1933	-1113.415	229.2215	1.863625	5.304453	0.5140326
2868	-884.1601	-1113.208	229.048	1.634822	6.388139	0.8066109
2874	-888.8759	-1118.344	229.468	1.24583	5.020715	1.134146
2880	-891.3731	-1120.13	228.7572	1.267381	8.043728	1.134146
2886	-893.5187	-1122.471	228.9523	1.374474	6.373125	1.174014
2892	-887.2792	-1115.887	228.6079	1.239174	7.577965	1.358203
2898	-883.9466	-1112.669	228.7222	1.104839	7.586185	1.372658
2904	-890.7466	-1119.619	228.8725	1.036537	6.510448	1.484626
2910	-889.931	-1119.026	229.0953	1.408612	5.257511	1.258692
2916	-897.5774	-1126.44	228.8626	1.060037	5.403074	1.671972
2922	-889.136	-1118.246	229.11	1.011102	4.505109	1.711574
2928	-894.2606	-1123.082	228.8215	1.076347	4.265968	1.91731
2934	-902.6989	-1131.254	228.5553	0.7866206	4.100935	2.316658
2940	-890.4621	-1119.055	228.5934	0.7397201	4.100935	2.32225
2946	-908.442	-1137.113	228.6711	0.991107	5.592347	1.820021
2952	-909.3987	-1138.749	229.3504	0.9406682	5.178071	1.444828
2958	-913.6645	-1142.384	228.7194	0.865969	4.657866	2.045505
2964	-900.3534	-1129.321	228.9675	1.20446	4.509081	1.674599
2970	-891.0422	-1120.3	229.2579	1.247573	5.102822	1.292066
2976	-892.0584	-1121.074	229.0153	1.29627	5.847242	1.292066
2982	-892.1266	-1121.671	229.5442	1.618874	4.79805	0.6997171
2988	-890.0273	-1118.877	228.8501	1.659122	7.115874	0.8249613
2994	-901.304	-1130.618	229.3139	1.49125	5.145652	1.01634
3000	-890.3484	-1119.714	229.3651	1.728892	5.145652	0.6431548
3006	-890.4822	-1119.678	229.196	1.190889	6.699311	1.052766
3012	-891.2888	-1120.507	229.2182	1.211694	4.733561	1.434762
3018	-886.942	-1116.046	229.1039	1.16034	7.052295	1.096341
3024	-877.5761	-1106.882	229.306	1.444203	5.046582	1.094539
3030	-893.2911	-1122.172	228.8812	1.372803	7.290034	1.059692
3036	-894.3026	-1122.977	228.6749	1.298148	8.323717	1.133549
3042	-892.5065	-1121.594	229.0877	1.289926	6.266939	1.150959
3048	-888.4497	-1117.667	229.217	1.153606	6.297147	1.150959
3054	-880.4299	-1109.947	229.5175	1.219322	4.87269	1.150959
3060	-881.522	-1110.589	229.0673	0.9663378	5.221713	1.627054
3066	-881.9359	-1110.425	228.4893	1.039774	5.991467	1.843397
3072	-893.355	-1122.49	229.1351	1.136005	5.173406	1.461052
3078	-883.7508	-1112.717	228.9665	1.169925	5.611864	1.475511
3084	-889.6967	-1118.15	228.4528	1.286575	6.16537	1.667262
3090	-886.2672	-1114.295	228.0274	1.288184	9.125258	1.546894
3096	-883.7611	-1112.323	228.5616	0.9628358	9.125258	1.388435
3102	-881.6695	-1110.418	228.748	1.21487	7.047192	1.352582
3108	-900.2734	-1129.238	228.9646	1.117123	7.289584	1.213806
3114	-888.7836	-1117.166	228.3826	1.052815	7.508188	1.67612
3120	-877.2378	-1106.01	228.772	1.049238	7.508188	1.389413
3126	-884.1458	-1112.563	228.4172	1.2697	7.057374	1.561192
3132	-873.6854	-1102.77	229.0844	1.152966	6.11742	1.299279
3138	-886.3732	-1115.179	228.8059	1.231414	5.994994	1.478596
3144	-883.8103	-1112.944	229.1334	1.473756	6.262079	0.9303337
3150	-883.1425	-1112.055	228.9129	1.554168	6.262079	1.070587
3156	-888.2787	-1116.829	228.5499	1.483282	8.634588	1.025031
3162	-905.8404	-1135.486	229.6458	1.184899	2.981037	1.595002
3168	-905.6752	-1134.898	229.2228	1.090684	4.408481	1.595002
3174	-893.5834	-1123.169	229.5852	1.439681	4.143383	1.092276
3180	-894.0106	-1123.25	229.2396	1.481295	5.506884	1.004563
3186	-890.812	-1119.812	229.0003	1.269422	6.202329	1.256226
3192	-885.8832	-1114.728	228.8451	1.069895	7.874182	1.256226
3198	-897.0624	-1125.226	228.1633	0.9798143	5.818043	2.129766
3204	-904.619	-1132.616	227.9971	0.9734251	6.090029	2.199064
3210	-902.9838	-1132.105	229.1213	1.035966	5.458509	1.489611
3216	-904.6735	-1133.824	229.1504	1.160481	5.610857	1.340359
3222	-879.887	-1109.198	229.3111	0.9881867	3.50659	1.822307
3228	-880.7175	-1109.732	229.015	1.045515	4.192872	1.822307
3234	-887.6691	-1116.386	228.7169	0.7925308	6.202564	1.822307
3240	-890.3869	-1119.529	229.1417	0.911247	5.017299	1.653591
3246	-893.0568	-1121.961	228.9038	0.961058	5.875947	1.627188
3252	-891.6684	-1121.037	229.3683	1.19286	4.127854	1.477819
3258	-886.5931	-1115.193	228.5998	1.121194	7.434383	1.477819
3264	-881.9752	-1110.828	228.8532	1.285296	7.116733	1.195911
3270	-877.8289	-1106.745	228.9166	1.221916	7.116733	1.195911
3276	-878.915	-1107.779	228.8637	1.247673	7.247049	1.195911
3282	-892.8429	-1121.945	229.1024	1.187453	6.3521	1.209996
3288	-888.1658	-1117.239	229.073	1.247994	6.218036	1.209996
3294	-885.7563	-1114.763	229.0071	1.535676	5.800874	1.103149
3300	-885.4492	-1114.277	228.8276	1.445795	5.59832	1.372596
3306	-890.3037	-1119.499	229.1952	1.311521	5.804436	1.134955
3312	-883.7323	-1113.028	229.2959	1.235534	5.70533	1.134955
3318	-885.8689	-1115.255	229.3864	1.231174	5.545355	1.09374
3324	-881.1934	-1110.522	229.3288	1.244331	5.491891	1.146455
3330	-889.3452	-1118.407	229.062	1.205744	4.92033	1.51663
3336	-894.9612	-1124.268	229.3071	1.323651	4.92033	1.230614
3342	-877.2349	-1106.543	229.3078	1.426676	4.957164	1.131581
3348	-885.5678	-1114.515	228.9471	1.520758	5.493311	1.236788
3354	-876.4255	-1105.994	229.5681	1.576783	4.512393	0.8465234
3360	-890.0546	-1119.586	229.5314	1.519662	4.828754	0.8465234
3366	-884.6954	-1114.329	229.6333	1.370408	4.994982	0.8465234
3372	-882.7594	-1111.672	228.9128	1.611913	6.93488	0.8531747
3378	-871.051	-1100.143	229.092	1.611913	6.064481	0.8741281
3384	-871.8715	-1101.04	229.1684	1.66991	6.064481	0.6850593
3390	-870.9428	-1100.11	229.1673	1.67102	6.064481	0.6850593
3396	-878.819	-1108.133	229.3144	1.501795	5.078109	1.023775
3402	-879.2837	-1108.051	228.7674	1.338732	7.37806	1.177231
3408	-887.0392	-1116.294	229.255	1.229561	5.70092	1.177231
3414	-880.2516	-1109.172	228.9202	1.565631	6.702194	0.9534074
3420	-877.0099	-1106.111	229.1006	1.206627	5.984364	1.268113
3426	-891.3178	-1120.62	229.3024	1.201189	5.665594	1.168442
3432	-902.3065	-1131.364	229.057	1.198999	6.23041	1.262087
3438	-885.9009	-1115.685	229.7844	1.198999	4.337268	1.072934
3444	-884.3582	-1113.704	229.3454	1.397991	4.416724	1.261486
3450	-899.588	-1128.743	229.1555	1.252174	5.03255	1.385717
3456	-894.5641	-1123.463	228.8984	1.196631	6.261291	1.385717
3462	-896.5209	-1125.632	229.1114	1.063964	5.571774	1.453768
3468	-879.7905	-1108.756	228.9658	1.115357	5.605692	1.518201
3474	-894.013	-1122.619	228.606	0.9669058	5.605692	1.878875
3480	-890.8465	-1120.13	229.2839	1.073823	5.415418	1.343382
3486	-898.2307	-1127.744	229.5131	1.008104	4.70457	1.370451
3492	-888.2712	-1117.326	229.0543	1.23573	5.021762	1.478399
3498	-902.5481	-1131.516	228.9675	1.357539	7.484353	0.9496811
3504	-901.0518	-1130.121	229.0691	1.479284	5.925933	1.069447
3510	-893.6039	-1123.134	229.5304	1.43136	4.592633	1.018389
3516	-901.2271	-1131.065	229.8378	1.501921	3.503417	1.005321
3522	-893.1693	-1122.77	229.6011	1.298743	4.248152	1.173851
3528	-908.3251	-1136.992	228.6665	1.120429	4.248152	1.995618
3534	-901.4868	-1130.947	229.4603	1.603288	5.252704	0.6460646
3540	-900.8658	-1129.999	229.1336	1.680957	5.208111	0.9899963
3546	-902.4157	-1131.669	229.2538	1.529487	5.32466	0.9899963
3552	-892.2894	-1121.414	229.125	1.57026	4.871177	1.187576
3558	-893.2956	-1122.612	229.3164	1.351398	4.837477	1.21939
3564	-887.884	-1116.896	229.0118	1.226146	4.732492	1.578707
3570	-899.3364	-1128.206	228.8695	1.616546	6.125072	1.08291
3576	-899.7225	-1128.703	228.98	1.888259	5.891694	0.706197
3582	-900.1047	-1129.557	229.4522	1.762707	4.647952	0.6858236
3588	-890.2006	-1119.185	228.9842	1.510987	5.661093	1.176771
3594	-909.6549	-1138.529	228.8737	1.609258	7.857513	0.6240511
3600	-898.0653	-1127.604	229.5386	1.583155	4.826426	0.7529776
3606	-884.9301	-1114.315	229.3848	1.515299	4.9035	0.9890937
3612	-892.2608	-1121.382	229.1213	1.538838	5.99572	0.9412857
3618	-894.3679	-1123.945	229.577	1.201127	5.198926	1.02855
3624	-893.3088	-1121.808	228.4988	1.109133	5.561413	1.862753
3630	-909.2639	-1138.074	228.8101	1.258844	6.320489	1.395325
3636	-895.7674	-1125.138	229.3709	0.9679777	3.689019	1.748307
3642	-893.4539	-1122.247	228.7934	1.184639	6.643789	1.409122
3648	-884.4255	-1113.681	229.2556	1.210061	5.515337	1.23386
3654	-886.0872	-1115.41	229.3223	1.143511	3.515434	1.703763
3660	-902.0051	-1131.138	229.133	1.038201	5.001978	1.570984
3666	-902.0074	-1131.454	229.4466	1.281383	5.334718	1.041776
3672	-890.2442	-1119.273	229.0293	0.810916	5.147281	1.778311
3678	-885.4893	-1114.063	228.5734	1.278996	11.00575	0.8029448
3684	-893.869	-1123.359	229.4901	1.314308	4.707395	1.133544
3690	-895.1765	-1124.662	229.4852	1.517055	3.840793	1.202827
3696	-909.4773	-1139.347	229.8694	1.550039	3.840793	0.77333
3702	-904.9871	-1134.049	229.0619	1.608856	5.88508	0.9584608
3708	-907.595	-1136.618	229.0228	1.608856	5.88508	0.9984647
3714	-906.2171	-1135.28	229.0625	1.703528	6.585302	0.5619744
3720	-889.5546	-1118.565	229.0106	1.702029	6.585302	0.6947849
3726	-905.8081	-1134.833	229.0253	1.56178	7.188288	0.6868719
3732	-900.7583	-1130.016	229.2575	1.921874	4.943124	0.5542835
3738	-888.0085	-1116.492	228.4832	1.944425	7.978917	0.3479163
3744	-891.0446	-1120.667	229.6223	1.692287	4.378512	0.6512718
3750	-896.4918	-1125.486	228.9937	1.859788	6.23163	0.5160935
3756	-888.2045	-1116.997	228.7921	1.737159	6.669057	0.9145728
3762	-897.2957	-1126.101	228.8053	1.503105	6.669057	1.131393
3768	-897.2678	-1126.622	229.3542	1.120559	4.216778	1.520932
3774	-893.4134	-1122.933	229.5198	1.290843	3.730702	1.390521
3780	-882.5835	-1112.265	229.6819	1.409723	4.588621	0.8823263
3786	-895.431	-1124.379	228.9481	1.265631	4.588621	1.627384
3792	-891.9859	-1121.043	229.0567	1.105105	4.76376	1.627384
3798	-891.7031	-1121.095	229.3917	1.340326	4.516673	1.245346
3804	-887.7623	-1116.953	229.191	1.355257	4.662164	1.360602
3810	-885.9278	-1115.085	229.1572	1.229076	5.209795	1.364226
3816	-892.0458	-1120.979	228.9334	1.212934	4.962167	1.597293
3822	-887.8719	-1117.568	229.6958	1.437473	3.60963	1.160713
3828	-895.1487	-1124.275	229.1268	1.01693	5.624836	1.467478
3834	-891.4401	-1121.008	229.5677	1.078293	3.505306	1.576906
3840	-877.9713	-1107.225	229.2537	1.032947	5.418563	1.398682
3846	-883.8026	-1112.871	229.068	0.9573609	5.418563	1.594993
3852	-872.4794	-1101.55	229.0701	1.097541	5.006417	1.57268
3858	-890.2927	-1119.629	229.3363	1.170572	4.318417	1.472448
3864	-893.308	-1122.774	229.4655	1.198034	4.043241	1.421028
3870	-889.3996	-1118.12	228.7204	0.9178804	4.358093	2.071055
3876	-894.6342	-1123.541	228.9064	0.6494363	4.816287	2.03431
3882	-881.8876	-1110.849	228.9617	0.8490158	4.265345	1.976027
3888	-892.5959	-1121.806	229.2098	1.186809	5.445402	1.305793
3894	-898.6469	-1127.807	229.16	1.107237	7.107877	1.082714
3900	-897.1937	-1125.939	228.7453	0.8401645	3.975415	2.187052
3906	-890.976	-1119.643	228.6672	0.8380666	3.975415	2.238825
3912	-894.4809	-1123.441	228.9597	1.148232	5.43757	1.530617
3918	-913.0172	-1142.055	229.0381	1.247078	5.845912	1.313713
3924	-908.7589	-1137.846	229.0872	1.222742	4.934588	1.481964
3930	-894.9834	-1123.845	228.8614	1.319189	6.221648	1.32527
3936	-895.5008	-1124.556	229.0552	1.11593	6.221648	1.332866
3942	-897.1792	-1126.652	229.4727	1.650481	4.741804	0.7860494
3948	-895.3164	-1124.551	229.2348	1.44152	4.950576	1.184469
3954	-908.1377	-1137.482	229.3439	1.370767	4.950576	1.150905
3960	-894.1222	-1123.363	229.2409	1.008014	4.227133	1.682752
3966	-891.5435	-1120.406	228.8622	1.064248	6.118339	1.539377
3972	-900.9479	-1129.892	228.9439	0.9088919	5.303693	1.740006
3978	-898.6502	-1128.109	229.4591	1.118315	5.112619	1.230236
3984	-896.8837	-1125.752	228.8683	1.328509	6.658497	1.230236
3990	-896.9068	-1125.699	228.7925	1.423464	6.572207	1.230236
3996	-893.3117	-1122.912	229.6002	1.483197	4.950207	0.7573128
4002	-901.3388	-1130.207	228.868	1.644289	7.800704	0.5665733
4008	-892.6664	-1122.029	229.3622	1.199763	4.961496	1.278143
4014	-889.3114	-1118.482	229.1709	0.9954796	4.91155	1.593143
4020	-878.5413	-1107.539	228.9981	1.286588	6.655012	1.155203
4026	-877.495	-1106.566	229.0714	1.274976	6.655012	1.099742
4032	-877.6114	-1106.533	228.9215	1.330807	6.655012	1.183511
4038	-888.2591	-1117.381	229.1224	1.291098	5.959457	1.183511
4044	-893.2476	-1123.066	229.8187	1.629144	4.046595	0.5818779
4050	-880.1805	-1109.458	229.2775	1.592857	5.597024	0.8115257
4056	-877.9996	-1106.822	228.8228	1.551873	6.991972	1.00302
4062	-890.917	-1119.44	228.5228	1.731062	8.772987	0.7385632
4068	-889.4358	-1118.485	229.0489	1.499513	6.676488	0.8912143
4074	-893.2343	-1122.364	229.1299	1.660772	6.412332	0.6110195
4080	-892.8012	-1121.988	229.1872	1.583829	6.412332	0.6575105
4086	-896.3553	-1125.875	229.5193	1.694364	4.700977	0.6575105
4092	-887.3829	-1116.244	228.8611	1.620755	7.358892	0.7951937
4098	-893.6531	-1122.69	229.0368	1.378725	7.187615	0.9174735
4104	-888.4796	-1116.856	228.3765	1.138705	9.800984	1.307032
4110	-887.3189	-1116.309	228.9904	1.205334	6.965006	1.174091
4116	-880.1731	-1109.076	228.9029	1.447753	7.91633	0.8227581
4122	-906.6563	-1135.479	228.8227	0.9530548	4.30679	1.990609
4128	-904.2197	-1133.362	229.1421	1.32581	6.924001	0.9210558
4134	-903.7027	-1132.459	228.7561	1.38494	6.924001	1.228516
4140	-897.0336	-1126.078	229.0448	1.444133	7.004397	0.8780503
4146	-888.0588	-1117.238	229.1794	1.477901	6.175539	0.8973074
4152	-892.5392	-1121.477	228.9374	1.314215	7.073955	1.103698
4158	-895.0073	-1123.583	228.5755	1.569305	8.69443	0.8974449
4164	-888.8042	-1118.042	229.2376	1.452461	5.786251	0.9638395
4170	-887.7899	-1116.9	229.1098	1.584518	6.117395	0.8705725
4176	-885.8008	-1114.575	228.7743	1.226244	7.552981	1.237319
4182	-902.7083	-1131.556	228.8475	1.273155	7.322231	1.174513
4188	-888.5008	-1117.862	229.3612	1.423126	4.948361	1.088563
4194	-881.3744	-1110.69	229.3159	1.389004	5.235637	1.088563
4200	-891.0593	-1120.698	229.6383	1.389004	3.576031	1.261517
4206	-886.6039	-1115.858	229.2539	1.238329	4.228688	1.505027
4212	-886.5789	-1116.275	229.6965	1.170712	3.430835	1.432253
4218	-887.3783	-1116.057	228.6789	1.246157	4.436159	1.862398
4224	-891.0608	-1120.454	229.393	1.237376	4.570782	1.315245
4230	-881.2862	-1110.71	229.4236	1.248624	4.570782	1.281202
4236	-897.7018	-1127.158	229.4566	1.379448	4.132989	1.259657
4242	-887.9341	-1116.409	228.4753	1.416367	10.42076	0.8627239
4248	-890.4182	-1119.297	228.8792	1.522556	7.34815	0.8959955
4254	-889.2722	-1117.413	228.1411	1.22469	7.056847	1.790309
4260	-873.9884	-1102.859	228.8701	1.237523	6.45708	1.340162
4266	-885.2654	-1114.213	228.9475	1.613753	7.01402	0.7846402
4272	-902.4279	-1131.368	228.9399	1.303938	7.754311	0.9785479
4278	-898.114	-1127.422	229.3075	1.310827	4.567352	1.325772
4284	-887.0157	-1116.098	229.0826	1.115636	4.567352	1.643119
4290	-877.7461	-1106.44	228.6941	1.090689	5.289664	1.790031
4296	-880.6809	-1109.716	229.0353	1.09346	4.86032	1.631027
4302	-887.7516	-1116.865	229.1135	1.32404	4.71109	1.433973
4308	-896.8282	-1126.324	229.4954	1.34183	4.739006	1.095317
4314	-888.9942	-1118.106	229.1121	1.332567	7.037419	0.9200109
4320	-883.2627	-1112.009	228.746	1.163112	7.268884	1.358546
4326	-888.1601	-1116.925	228.7645	1.242226	5.380498	1.615812
4332	-890.4125	-1119.564	229.1515	1.770701	5.50354	0.773838
4338	-884.6321	-1113.561	228.9291	1.483914	8.308531	0.5795236
4344	-892.8844	-1122.159	229.275	1.844971	5.171048	0.5281929
4350	-885.813	-1115.088	229.2751	1.694412	5.645301	0.6261204
4356	-895.7303	-1124.407	228.6768	1.901636	7.47756	0.4483966
4362	-897.6144	-1126.397	228.7826	1.760363	7.656178	0.4483966
4368	-897.9725	-1126.466	228.4935	1.760363	9.235187	0.4412726
4374	-897.8393	-1127.051	229.2117	1.743778	5.805521	0.5240094
4380	-900.0941	-1129.052	228.9578	1.61636	7.025825	0.7627679
4386	-892.7754	-1122.177	229.4017	1.786755	4.866393	0.6018543
4392	-882.1691	-1111.843	229.6737	1.661314	4.156215	0.7412132
4398	-888.8317	-1118.079	229.2468	1.736794	5.426963	0.7102289
4404	-895.0673	-1123.836	228.7687	1.630558	6.798488	1.019847
4410	-890.5638	-1119.189	228.6252	1.402436	6.798488	1.343469
4416	-882.909	-1112.043	229.1342	1.168989	5.145324	1.442432
4422	-888.0078	-1116.703	228.6949	1.147858	6.037596	1.614756
4428	-883.9185	-1113.056	229.138	1.688056	5.911458	0.7645955
4434	-902.4383	-1130.9	228.4615	1.509244	7.729116	1.233187
4440	-897.6011	-1126.665	229.0637	1.387687	7.27648	0.855193
4446	-889.0614	-1117.908	228.8468	1.151574	6.03251	1.501112
4452	-884.2378	-1113.711	229.4732	1.372134	4.896369	1.045033
4458	-886.6029	-1116.031	229.4284	1.459413	5.317597	0.8794042
4464	-882.8937	-1111.812	228.9181	1.507316	7.913309	0.7166241
4470	-882.1827	-1111.605	229.422	1.370268	5.708292	0.872955
4476	-884.5273	-1113.859	229.332	1.198925	6.56054	0.9389426
4482	-878.6681	-1107.782	229.1136	1.356718	5.564865	1.219153
4488	-897.1118	-1126.342	229.23	1.161065	6.52312	1.085678
4494	-898.4609	-1127.54	229.0794	1.423069	6.765835	0.9206079
4500	-900.6602	-1129.781	229.1209	1.140514	6.880651	1.13207
4506	-893.4934	-1122.751	229.2575	1.315709	3.920798	1.520808
4512	-885.1886	-1114.078	228.8891	1.658726	6.995898	0.8078336
4518	-902.0219	-1131.42	229.3977	1.755308	4.680743	0.7694054
4524	-909.3756	-1138.891	229.5159	1.313016	4.100421	1.274408
4530	-891.8784	-1120.571	228.6924	1.253019	8.041828	1.203664
4536	-901.5635	-1130.526	228.9625	1.322622	6.672419	1.151403
4542	-887.2676	-1116.163	228.8951	1.161579	5.947679	1.472611
4548	-882.2542	-1111.765	229.5106	1.250512	4.966075	1.105303
4554	-884.5828	-1113.738	229.1549	1.127335	6.209705	1.244322
4560	-896.4085	-1125.971	229.5621	1.247727	4.27105	1.244322
4566	-909.9571	-1139.064	229.1073	1.146861	4.461481	1.626122
4572	-892.6741	-1122.157	229.483	1.205512	5.230197	1.104966
4578	-900.053	-1128.867	228.8138	1.238965	8.064324	1.105149
4584	-894.4093	-1123.116	228.7065	1.366104	6.688819	1.326707
4590	-894.849	-1123.889	229.0402	1.223537	5.975238	1.305535
4596	-896.4407	-1125.584	229.1436	1.437385	5.977952	1.026226
4602	-889.8652	-1119.712	229.8467	1.413353	3.604085	1.046555
4608	-898.7656	-1128.206	229.44	1.307596	5.305158	1.030418
4614	-885.0884	-1114.372	229.284	1.292481	4.855743	1.290936
4620	-886.2845	-1115.219	228.9347	1.376135	5.958352	1.270387
4626	-885.7204	-1114.902	229.1812	1.186534	5.727611	1.270387
4632	-885.3074	-1114.402	229.0943	1.027897	6.383434	1.342011
4638	-892.7551	-1121.662	228.9072	1.04694	6.539472	1.445433
4644	-889.9275	-1118.566	228.6389	0.8185071	6.655116	1.786912
4650	-886.3804	-1115.529	229.1487	0.9069117	3.793135	1.917712
4656	-896.8092	-1125.099	228.2895	0.8510699	5.02164	2.266878
4662	-889.2004	-1118.225	229.0248	0.7960244	3.938662	2.041062
4668	-888.3866	-1117.105	228.7181	0.801374	4.47932	2.124323
4674	-893.8134	-1123.183	229.3696	1.350467	4.300344	1.310391
4680	-893.3533	-1122.503	229.1495	0.9431812	3.962552	1.852673
4686	-891.2941	-1120.311	229.0167	1.07597	3.962552	1.852673
4692	-892.5776	-1121.52	228.9419	1.268373	4.722583	1.601013
4698	-894.8766	-1124.454	229.5773	1.289696	3.598087	1.383913
4704	-884.8573	-1113.766	228.9087	0.9672871	5.083165	1.765707
4710	-891.2712	-1120.881	229.6103	1.150312	4.587171	1.203149
4716	-903.147	-1132.403	229.2556	1.157534	5.310064	1.321366
4722	-892.7195	-1122.197	229.4779	1.373559	5.466368	0.8760715
4728	-889.9862	-1118.849	228.8629	1.562918	6.669584	1.021521
4734	-885.7683	-1114.702	228.9339	1.45679	7.024239	0.9799991
4740	-896.5504	-1126.39	229.8397	1.135628	4.283332	1.096313
4746	-893.9523	-1123.376	229.4235	1.164418	5.800808	1.061192
4752	-886.4388	-1115.368	228.9287	1.206266	5.800808	1.440444
4758	-887.904	-1116.714	228.8104	1.150361	5.815317	1.568268
4764	-887.131	-1116.722	229.5909	1.315862	3.803741	1.293289
4770	-885.1344	-1114.127	228.9926	1.081767	6.870459	1.293289
4776	-896.761	-1125.453	228.6923	1.286288	5.89737	1.54026
4782	-880.1499	-1109.434	229.2838	1.307673	5.476494	1.133675
4788	-895.6295	-1124.794	229.1646	1.307673	5.476494	1.236796
4794	-879.8852	-1109.549	229.6643	1.41987	4.212111	1.014576
4800	-879.7341	-1108.918	229.1841	1.326491	5.948713	1.099354
4806	-888.1986	-1117.752	229.5538	1.365654	3.871756	1.263398
4812	-876.8414	-1105.338	228.4962	0.9624267	7.207464	1.703169
4818	-885.7806	-1114.63	228.8492	1.1902	6.612669	1.366538
4824	-869.5073	-1099.042	229.5348	1.273132	3.932681	1.336986
4830	-879.9271	-1109.236	229.3089	1.150457	3.932681	1.601618
4836	-883.5774	-1112.875	229.2981	1.078842	4.526288	1.521581
4842	-895.0053	-1124.111	229.1053	1.219362	5.586111	1.334468
4848	-892.2118	-1121.166	228.9544	0.9476207	4.737391	1.815962
4854	-882.1153	-1111.26	229.145	1.272205	4.583573	1.478372
4860	-886.33	-1115.934	229.6038	1.336928	4.6032	1.035792
4866	-889.6374	-1119.234	229.5971	1.271255	4.507335	1.130012
4872	-901.4605	-1131.266	229.8055	1.179737	3.472879	1.327155
4878	-901.5024	-1130.809	229.3064	1.224432	4.362771	1.443563
4884	-896.4762	-1125.731	229.2551	1.095608	4.724536	1.496911
4890	-884.1136	-1113.621	229.5073	1.219209	4.744767	1.192238
4896	-891.3969	-1120.773	229.3761	1.465209	5.739986	0.8022133
4902	-901.2147	-1129.769	228.5541	1.61681	7.172358	1.157596
4908	-894.8318	-1123.72	228.8881	1.393082	7.81208	0.9273729
4914	-894.3205	-1123.089	228.7682	1.413409	6.795743	1.217626
4920	-894.8684	-1123.528	228.6596	1.291823	7.634114	1.264835
4926	-898.2064	-1127.048	228.8419	1.004008	4.954194	1.811591
4932	-891.5992	-1120.461	228.8619	1.029482	6.362232	1.523124
4938	-905.066	-1133.101	228.0351	1.201833	9.795685	1.523124
4944	-886.8872	-1116.148	229.2607	1.494534	5.596108	0.9457502
4950	-891.4703	-1120.881	229.4107	1.20443	5.596108	1.08404
4956	-899.1995	-1128.25	229.0509	1.457586	6.53684	0.9681903
4962	-882.6765	-1111.249	228.5729	1.191512	8.493981	1.285116
4968	-886.8638	-1114.999	228.1354	1.047308	8.231467	1.756116
4974	-889.9276	-1118.68	228.7524	1.17392	7.691952	1.276146
4980	-898.3081	-1127.479	229.1705	1.149422	5.302125	1.396739
4986	-893.1419	-1121.981	228.8387	1.065863	7.057001	1.396739
4992	-896.6993	-1125.806	229.1066	1.510825	6.605536	0.8275563
4998	-894.6033	-1123.582	228.9783	1.49762	6.605536	0.9857709
5004	-894.9835	-1124.012	229.0285	1.536665	7.198301	0.7211809
5010	-892.0346	-1120.611	228.5763	1.351829	9.765591	0.9370076
5016	-893.024	-1121.693	228.6685	1.639253	7.277239	1.010223
5022	-890.141	-1118.875	228.7343	1.679065	7.859405	0.7517806
5028	-882.0272	-1111.128	229.1008	1.547267	6.014698	0.949197
5034	-871.8659	-1100.539	228.673	1.273829	7.829641	1.236841
5040	-877.9437	-1106.237	228.293	1.183709	8.659018	1.48719
5046	-875.1716	-1104.424	229.2527	1.159377	5.902895	1.196569
5052	-873.8542	-1102.839	228.9847	1.269222	7.474994	1.023662
5058	-877.6832	-1106.492	228.8089	1.38137	7.474994	1.084215
5064	-883.3103	-1112.306	228.996	1.554028	7.474994	0.6435751
5070	-885.5073	-1114.422	228.9152	1.464596	7.275616	0.9365495
5076	-882.448	-1111.467	229.0195	1.47317	6.828234	0.9165221
5082	-897.0394	-1126.184	229.1448	1.535233	6.828234	0.6542898
5088	-889.9571	-1118.722	228.7648	1.378138	8.247288	0.9858369
5094	-892.4784	-1121.366	228.8876	1.442476	6.837309	1.077883
5100	-884.684	-1113.713	229.0294	1.372433	6.837309	1.009054
5106	-893.2786	-1122.162	228.8836	1.54316	6.616058	1.032236
5112	-905.3534	-1134.005	228.6518	1.288071	5.295468	1.679982
5118	-905.5634	-1134.163	228.6001	1.247958	6.005704	1.616503
5124	-910.8945	-1139.038	228.1439	1.087753	8.733078	1.6573
5130	-897.8037	-1125.852	228.0482	1.088627	9.28453	1.6573
5136	-890.1951	-1118.552	228.3572	1.360871	7.713798	1.437783
5142	-904.9042	-1133.969	229.065	1.577541	6.50691	0.8236748
5148	-919.7955	-1148.663	228.8675	1.775108	6.50691	0.8236748
5154	-909.6693	-1138.823	229.1533	1.374856	5.586174	1.164621
5160	-909.9341	-1139.271	229.3367	1.417697	5.121046	1.07159
5166	-914.2107	-1143.542	229.3312	1.39374	5.536179	0.9928847
5172	-895.7838	-1125.088	229.3041	1.217459	6.353261	0.9973867
5178	-898.4037	-1127.874	229.47	1.530752	4.614589	0.9725624
5184	-904.8723	-1134.266	229.3941	1.443158	5.187514	0.9725624
5190	-902.3756	-1131.525	229.1491	1.171367	6.261108	1.201788
5196	-900.6812	-1129.408	228.7266	1.365992	7.546762	1.159421
5202	-902.8853	-1131.687	228.8019	1.448914	7.546762	1.012635
5208	-897.1297	-1126.248	229.1186	1.38811	7.173033	0.8128431
5214	-896.6374	-1125.934	229.2963	1.531173	5.308375	0.9487624
5220	-900.5501	-1129.068	228.5175	1.259852	6.671508	1.555942
5226	-902.3686	-1132.352	229.9831	1.243369	3.61664	1.074029
5232	-901.6334	-1130.715	229.0816	1.402508	6.372889	1.029827
5238	-898.4836	-1126.857	228.3732	1.068891	9.153623	1.448274
5244	-903.5841	-1132.919	229.3347	1.486052	4.599804	1.147459
5250	-900.4558	-1129.173	228.7168	1.672446	7.467316	0.8826467
5256	-880.1673	-1109.326	229.1592	1.525627	6.113778	0.8826467
5262	-887.2259	-1115.579	228.3533	0.7943992	3.070972	2.676322
5268	-883.4248	-1112.626	229.2014	1.025413	3.906917	1.773138
5274	-903.0241	-1131.93	228.9055	1.215989	5.921273	1.428021
5280	-884.2541	-1113.276	229.022	1.064181	5.172832	1.598569
5286	-877.1792	-1105.791	228.6122	0.9009134	5.574514	1.924885
5292	-890.4939	-1119.344	228.85	0.8095577	3.953365	2.143756
5298	-897.4255	-1125.792	228.3668	0.8323903	4.339651	2.358512
5304	-895.3822	-1124.826	229.4436	1.284989	4.864089	1.160387
5310	-886.4157	-1115.937	229.521	1.22354	4.864089	1.146236
5316	-887.781	-1117.111	229.3305	1.265909	5.027558	1.234088
5322	-879.9021	-1109.09	229.1878	1.203225	6.202746	1.152313
5328	-886.249	-1115.32	229.071	1.266115	6.202746	1.199261
5334	-890.0796	-1119.487	229.407	1.266115	4.197349	1.374154
5340	-891.6681	-1120.508	228.8401	1.003924	6.884416	1.471497
5346	-892.5981	-1122.071	229.473	1.230493	4.544207	1.262126
5352	-887.8934	-1117.303	229.4098	1.483986	5.738054	0.7269465
5358	-894.8472	-1124.209	229.3617	1.305057	4.850389	1.21714
5364	-896.3603	-1125.723	229.3631	1.454791	4.850389	1.083355
5370	-886.9983	-1116.482	229.4833	1.417666	4.568281	1.083355
5376	-893.6654	-1122.558	228.8931	1.426746	6.821373	1.090661
5382	-885.9686	-1115.485	229.5168	1.108883	4.378567	1.366088
5388	-898.0733	-1127.863	229.7893	1.062444	3.702562	1.366088
5394	-896.2379	-1124.773	228.5356	1.162817	6.501233	1.64109
5400	-911.7781	-1140.724	228.9462	1.16252	7.29764	1.189259
5406	-892.6198	-1121.989	229.3697	1.369929	4.527295	1.236254
5412	-901.1763	-1130.047	228.8707	1.128202	5.591282	1.581647
5418	-895.6739	-1124.842	229.1683	1.226158	3.526857	1.750959
5424	-903.9579	-1132.8	228.8424	1.147294	4.757553	1.750959
5430	-891.0152	-1120.079	229.0634	0.9891556	4.546078	1.750959
5436	-896.2984	-1124.675	228.377	1.211907	8.83621	1.376996
5442	-895.6493	-1124.1	228.4507	1.165382	5.48179	1.871239
5448	-894.5628	-1123.847	229.2838	1.126731	3.89285	1.646728
5454	-887.4173	-1116.03	228.6123	1.199615	5.96264	1.650058
5460	-886.8052	-1115.583	228.7781	1.267232	7.656071	1.181744
5466	-903.1982	-1132.107	228.9088	1.828097	6.742721	0.5272071
5472	-879.2907	-1108.404	229.113	1.828097	5.750514	0.6307872
5478	-886.5906	-1115.761	229.1709	1.531278	6.001339	0.8935768
5484	-892.6923	-1121.795	229.1023	1.662063	6.001339	0.8187737
5490	-891.1056	-1120.482	229.3766	1.54967	4.598908	1.050857
5496	-889.0475	-1118.344	229.2968	1.438602	5.271595	1.050857
5502	-900.1496	-1129.095	228.9457	1.260557	7.170888	1.126409
5508	-901.1023	-1130.219	229.1163	1.326253	5.211175	1.319117
5514	-898.9837	-1127.686	228.7028	1.172132	5.037401	1.775283
5520	-895.5409	-1124.579	229.0378	1.28167	6.690222	1.117164
5526	-895.9109	-1124.997	229.0866	1.231254	6.690222	1.118693
5532	-908.0199	-1137.325	229.3054	1.513572	5.302397	0.9594145
5538	-910.069	-1139.303	229.2335	1.433744	5.302397	1.106643
5544	-887.8354	-1117.544	229.7085	1.385497	3.890486	1.106643
5550	-903.672	-1132.86	229.1883	1.355672	5.403881	1.191977
5556	-908.7257	-1138.066	229.3404	1.355672	4.329199	1.322443
5562	-901.8684	-1130.772	228.904	1.448762	7.647552	0.8833155
5568	-887.7134	-1116.282	228.5683	0.9459606	7.175183	1.668415
5574	-889.6789	-1118.735	229.0557	0.7994847	5.077562	1.781233
5580	-895.1444	-1123.673	228.5284	0.9985472	5.699384	1.894042
5586	-892.9038	-1121.805	228.9008	1.147346	5.314172	1.598523
5592	-894.7277	-1123.797	229.0695	1.438501	5.1122	1.287939
5598	-885.0877	-1114.393	229.3054	1.32466	5.40014	1.116929
5604	-895.5479	-1125.118	229.5704	1.287379	4.590158	1.116929
5610	-888.5026	-1117.427	228.9243	1.227529	5.748465	1.437528
5616	-888.9557	-1117.927	228.9708	1.183467	4.969703	1.589986
5622	-906.9747	-1136.527	229.552	1.137924	4.044241	1.400364
5628	-892.369	-1121.735	229.3661	1.42078	4.072094	1.316262
5634	-889.2127	-1118.787	229.5744	0.9430473	3.928681	1.560077
5640	-890.9339	-1119.672	228.7385	0.7966316	5.239365	1.969355
5646	-886.1267	-1115.213	229.0861	1.233983	5.3328	1.390259
5652	-889.649	-1118.99	229.3414	1.727328	5.3328	0.5709845
5658	-906.4551	-1135.869	229.4138	1.579157	5.180029	0.7948394
5664	-880.8756	-1109.856	228.9803	1.501878	6.569156	0.9877185
5670	-900.805	-1129.726	228.9207	1.440097	6.714853	1.074231
5676	-910.1853	-1138.926	228.7412	1.219495	5.922813	1.548898
5682	-899.0641	-1127.88	228.8159	1.271496	6.633522	1.324641
5688	-892.4776	-1121.557	229.0791	1.477897	5.600676	1.135853
5694	-888.9055	-1118.01	229.1043	1.421018	6.999799	0.8355547
5700	-888.8688	-1117.897	229.0283	1.186162	6.302079	1.282603
5706	-887.6118	-1116.67	229.0586	1.304394	5.687236	1.282603
5712	-892.1761	-1121.556	229.3801	1.352368	5.687236	0.9453631
5718	-896.7743	-1125.674	228.8997	1.397849	6.294189	1.21484
5724	-908.5782	-1137.944	229.3662	1.299508	5.515499	1.05596
5730	-899.4114	-1128.142	228.7308	1.235483	7.149257	1.332785
5736	-897.0753	-1126.211	229.1352	1.070698	5.902259	1.36595
5742	-894.0923	-1122.829	228.7364	1.048571	7.844837	1.36595
5748	-897.4239	-1125.981	228.5572	1.226142	6.054854	1.654636
5754	-882.6273	-1111.737	229.1097	1.27637	6.054854	1.187296
5760	-875.0729	-1104.63	229.5572	1.308279	4.532611	1.12569
5766	-879.2201	-1108.136	228.9157	1.165143	6.40457	1.370856
5772	-892.287	-1121.128	228.8411	1.077852	6.362379	1.502534
5778	-895.5115	-1125.169	229.6573	0.9883852	3.317685	1.629322
5784	-896.9214	-1126.016	229.0948	0.8553471	3.317685	2.105255
5790	-894.3125	-1123.346	229.0334	1.117958	5.072905	1.57105
5796	-905.5447	-1134.393	228.848	1.277597	5.072905	1.589853
5802	-902.2014	-1131.339	229.1378	1.411265	6.839253	0.848606
5808	-889.9038	-1118.702	228.798	1.832908	6.879658	0.7237187
5814	-881.6101	-1110.638	229.0276	1.506343	5.683674	1.137604
5820	-874.3394	-1103.31	228.9707	1.604183	6.914743	0.7949237
5826	-878.0052	-1107.08	229.0748	1.582846	6.730926	0.732653
5832	-887.4514	-1116.603	229.1511	1.539992	6.043665	0.8945778
5838	-894.1289	-1123.326	229.197	1.086675	5.101283	1.466536
5844	-905.2587	-1133.888	228.6289	1.012479	5.576852	1.837116
5850	-891.4506	-1120.183	228.7322	1.091264	5.00704	1.816843
5856	-888.0801	-1116.776	228.6962	1.189877	6.666541	1.475663
5862	-887.5483	-1116.141	228.5924	1.149394	7.098504	1.514134
5868	-893.8133	-1122.655	228.8413	1.303985	7.009907	1.209321
5874	-889.9725	-1118.775	228.8022	1.308949	5.779932	1.462557
5880	-900.2184	-1130.046	229.8275	1.240241	3.35892	1.295686
5886	-891.4251	-1120.618	229.1928	1.08547	4.645123	1.568049
5892	-898.4634	-1127.432	228.9688	1.146753	4.953824	1.621379
5898	-901.9049	-1130.29	228.3855	1.02262	5.038018	2.090305
5904	-887.4631	-1115.805	228.3415	0.8726558	5.774694	2.090305
5910	-885.0492	-1114.492	229.4429	1.352747	4.172395	1.282339
5916	-885.3657	-1114.745	229.3791	1.12914	5.504808	1.200006
5922	-883.7765	-1113.156	229.3794	1.307303	5.504808	1.038568
5928	-884.5512	-1113.86	229.3087	1.266142	5.504808	1.141924
5934	-893.8314	-1122.689	228.8573	1.258482	5.32251	1.547287
5940	-894.4961	-1123.578	229.0814	1.11109	4.593023	1.641677
5946	-901.0762	-1129.017	227.9403	0.846835	4.723265	2.544011
5952	-901.8227	-1131.026	229.203	0.7420456	4.014527	1.941023
5958	-898.5834	-1127.607	229.0241	0.8150886	4.339949	1.941023
5964	-892.4598	-1121.316	228.8559	1.017744	4.23177	1.941023
5970	-883.4936	-1111.984	228.4909	1.082877	5.252645	1.941023
5976	-895.3292	-1123.998	228.6687	1.286751	5.911633	1.554729
5982	-892.9348	-1121.909	228.9741	0.9778694	5.911633	1.557346
5988	-891.3934	-1119.724	228.3309	0.8653393	5.881804	2.084628
5994	-899.5153	-1127.901	228.3855	0.7706183	6.274887	2.049209
6000	-892.3148	-1120.877	228.5621	0.8737128	5.551225	1.98083
6006	-893.5324	-1122.602	229.0698	1.328177	5.11936	1.374512
6012	-889.1118	-1118.012	228.8998	1.236811	6.08494	1.385714
6018	-897.2792	-1126.218	228.9387	1.078496	6.08494	1.477463
6024	-886.8797	-1115.75	228.8698	1.326599	5.760139	1.400846
6030	-907.1971	-1136.395	229.1975	1.372688	6.998922	0.7765919
6036	-893.1932	-1121.563	228.3694	0.9410402	7.27781	1.796777
6042	-887.2666	-1116.436	229.1694	1.032648	4.619119	1.629161
6048	-879.2134	-1107.954	228.7405	1.052749	5.020041	1.8351
6054	-890.2283	-1119.588	229.3594	1.09877	4.923424	1.370195
6060	-892.9078	-1121.522	228.6141	1.85645	8.057787	0.5176345
6066	-893.0369	-1122.347	229.3098	1.812775	5.165905	0.5131973
6072	-895.0112	-1124.16	229.1488	1.815129	5.587783	0.6703642
6078	-888.8976	-1117.999	229.1016	1.600623	5.64135	0.9886497
6084	-893.0554	-1121.364	228.3083	0.9291072	7.973616	1.751746
6090	-893.559	-1121.663	228.1036	1.240927	7.427586	1.751746
6096	-890.7292	-1119.854	229.1252	1.553085	5.828444	0.9651391
6102	-891.1985	-1120.15	228.951	1.353449	5.624736	1.342698
6108	-894.5205	-1123.659	229.1384	1.266605	3.699598	1.699078
6114	-890.2486	-1118.988	228.7396	1.266501	8.498122	1.074281
6120	-899.8575	-1129.04	229.1821	1.302539	4.927997	1.34821
6126	-876.4344	-1105.566	229.1316	1.108324	5.997494	1.320422
6132	-880.8314	-1110.422	229.5905	1.182124	4.099595	1.320422
6138	-883.1898	-1112.531	229.3407	1.115452	4.453129	1.478959
6144	-887.9998	-1117.002	229.0025	1.205049	7.151468	1.128901
6150	-889.523	-1118.401	228.8783	1.133638	7.68605	1.205389
6156	-896.5069	-1125.227	228.7202	1.284575	7.550643	1.234153
6162	-890.6661	-1119.478	228.812	1.077213	7.726879	1.300848
6168	-893.1209	-1122.281	229.1599	1.446364	5.224155	1.179543
6174	-897.0948	-1125.667	228.5722	1.508474	9.101324	0.8899079
6180	-891.1004	-1119.337	228.2368	1.316033	9.899409	1.263428
6186	-888.4399	-1117.099	228.6586	1.303694	8.190645	1.164872
6192	-888.4195	-1117.584	229.1647	1.518875	6.096336	0.8887898
6198	-882.1949	-1110.923	228.7282	1.317551	8.316462	1.068203
6204	-874.3994	-1103.327	228.9273	1.31067	7.615181	1.011849
6210	-890.4961	-1119.33	228.8336	1.511458	7.615181	0.8993904
6216	-888.6892	-1117.217	228.5281	1.44973	8.019299	1.179436
6222	-884.1622	-1112.898	228.7361	1.50925	8.019299	0.9231973
6228	-891.5343	-1120.069	228.5352	1.561841	9.048056	0.8816818
6234	-887.4264	-1116.257	228.8303	1.297989	9.048056	0.8444456
6240	-912.2432	-1141.336	229.0924	1.509172	6.937342	0.7501494
6246	-885.6607	-1114.849	229.1886	1.554225	6.525454	0.6628299
6252	-887.8239	-1117.114	229.2904	1.490353	5.821888	0.8529613
6258	-886.7791	-1116.085	229.3058	1.58702	5.821888	0.6932321
6264	-898.1398	-1126.926	228.7863	1.662186	7.986802	0.6467347
6270	-892.1551	-1121.122	228.9673	1.636978	7.080457	0.6964994
6276	-889.3128	-1118.166	228.8529	1.685459	7.399954	0.6964994
6282	-897.5811	-1126.346	228.7649	1.299189	8.883609	0.9492713
6288	-889.6279	-1118.793	229.1648	1.264408	6.188005	1.121331
6294	-891.6687	-1121.119	229.4499	1.473843	5.335251	0.8305377
6300	-897.3508	-1127.302	229.9508	1.246392	3.551044	1.123059
6306	-903.4275	-1132.567	229.1395	1.346192	5.390385	1.244465
6312	-903.5875	-1132.369	228.7812	1.138386	6.239678	1.523308
6318	-904.3906	-1133.249	228.8579	1.069518	6.205878	1.523308
6324	-897.0333	-1125.697	228.6639	0.8450007	8.874121	1.433917
6330	-903.0229	-1131.569	228.5466	1.067828	6.411574	1.71536
6336	-886.6249	-1115.576	228.9509	1.02751	5.73381	1.570191
6342	-888.0622	-1116.865	228.803	1.124011	8.086863	1.212121
6348	-883.9655	-1112.829	228.8633	1.354464	9.03752	0.7228827
6354	-878.1113	-1106.81	228.6991	1.433539	9.545688	0.7228827
6360	-887.6515	-1116.495	228.8439	1.392815	8.845521	0.7454196
6366	-902.7702	-1131.439	228.6687	1.391239	6.12599	1.437535
6372	-901.1639	-1129.881	228.7172	1.628671	6.12599	1.207273
6378	-899.4742	-1128.357	228.8826	1.506374	8.401067	0.6023694
6384	-912.6906	-1141.692	229.0011	1.051923	4.927162	1.671708
6390	-901.9346	-1131.499	229.5648	1.349451	4.175685	1.181608
6396	-894.3146	-1123.597	229.2824	1.28294	5.356764	1.184269
6402	-885.4473	-1114.809	229.3618	1.491127	5.550847	0.8483031
6408	-904.9326	-1134.074	229.1419	1.661186	5.550847	0.9062656
6414	-891.6238	-1120.77	229.1466	1.379241	5.371088	1.214933
6420	-899.3457	-1128.422	229.0766	1.621409	5.510734	1.026054
6426	-892.0837	-1121.613	229.5296	1.566012	4.857359	0.7778368
6432	-891.9905	-1121.052	229.0618	1.146972	5.865651	1.370725
6438	-891.0296	-1120.193	229.1639	1.171581	5.329337	1.378935
6444	-888.5828	-1117.477	228.8939	1.303527	5.962185	1.361065
6450	-890.7553	-1120.19	229.4351	1.637059	4.489818	0.9372812
6456	-884.2505	-1113.443	229.1925	1.641096	5.378777	0.9221718
6462	-887.6437	-1117.31	229.6662	1.244946	3.963984	1.24406
6468	-893.9247	-1123.474	229.5496	1.196964	3.963984	1.377189
6474	-890.3592	-1119.439	229.0803	1.150794	6.22057	1.284547
6480	-897.0334	-1125.731	228.6973	1.162804	5.801878	1.643756
6486	-896.3231	-1125.376	229.0529	1.03123	4.909657	1.653
6492	-899.3051	-1127.686	228.3805	0.9057148	4.547656	2.26193
6498	-907.4135	-1136.155	228.742	1.078723	8.863167	1.182636
6504	-894.1095	-1122.776	228.6666	1.204023	7.548376	1.344187
6510	-902.5534	-1131.085	228.5312	1.299416	5.852016	1.656049
6516	-888.3214	-1117.715	229.3939	1.381418	5.0899	1.059957
6522	-892.5815	-1121.713	229.1314	1.267359	5.422133	1.309042
6528	-880.2872	-1109.774	229.4866	1.363981	4.941419	1.027588
6534	-875.2246	-1104.898	229.6738	1.182754	4.668715	1.096655
6540	-890.0143	-1118.792	228.778	1.242693	7.399863	1.24625
6546	-886.4609	-1115.971	229.5103	1.289412	4.295532	1.24625
6552	-894.1922	-1123.417	229.225	0.9728717	7.397016	1.091794
6558	-890.3469	-1119.223	228.8762	1.297155	7.518381	1.091794
6564	-890.9344	-1119.982	229.048	1.367001	6.388906	1.091794
6570	-899.9332	-1128.607	228.6742	1.209924	8.020444	1.258676
6576	-890.8267	-1120.261	229.4341	1.468857	4.757446	1.02807
6582	-887.7647	-1117.239	229.4742	1.403037	5.071171	0.9642814
6588	-897.1611	-1126.644	229.4825	1.537608	4.576942	0.9642814
6594	-886.472	-1115.743	229.2715	1.463408	5.857794	0.8961392
6600	-880.764	-1109.464	228.7	1.762689	7.713944	0.7188589
6606	-887.5094	-1116.901	229.3912	1.506071	5.026333	0.9563436
6612	-890.6872	-1119.91	229.2231	1.435344	6.46265	0.816135
6618	-890.3746	-1119.799	229.4247	1.409278	5.824318	0.7836868
6624	-898.65	-1128.391	229.7412	1.423677	4.272567	0.9102417
6630	-894.1637	-1123.2	229.0365	1.237876	5.98682	1.294552
6636	-896.1451	-1125.55	229.4054	1.319324	5.61635	0.9722004
6642	-889.6452	-1118.971	229.3256	1.382868	5.233684	1.085764
6648	-893.4643	-1122.689	229.2246	1.391063	5.486957	1.109333
6654	-893.2527	-1122.349	229.0968	1.414438	6.151226	1.053476
6660	-888.5561	-1117.944	229.3879	1.23162	5.501649	1.102373
6666	-883.6782	-1113.228	229.55	1.259904	4.161218	1.273681
6672	-882.7777	-1111.9	229.1219	1.160397	6.05997	1.273681
6678	-896.2224	-1125.298	229.0754	1.124799	6.411267	1.273681
6684	-895.6308	-1124.415	228.7845	1.027319	3.997689	2.033795
6690	-903.2687	-1131.447	228.1785	0.8884326	3.997689	2.511744
6696	-904.374	-1133.228	228.8541	0.897288	3.934963	2.087734
6702	-905.9792	-1134.93	228.9513	1.141357	4.600449	1.71127
6708	-888.9092	-1117.419	228.5097	0.9187603	5.272537	2.03449
6714	-887.6652	-1116.749	229.0839	1.131044	4.525952	1.640178
6720	-907.3636	-1137.236	229.8721	1.452467	3.828164	0.8973934
6726	-895.6746	-1124.767	229.0922	1.562411	5.739316	1.011589
6732	-900.6503	-1129.92	229.27	1.631249	5.660917	0.7455824
6738	-894.302	-1123.357	229.0554	1.368897	5.660917	1.237338
6744	-897.3802	-1126.875	229.4947	1.382399	5.623754	0.7935807
6750	-890.5162	-1119.178	228.6615	1.528452	9.504895	0.6241916
6756	-893.8272	-1122.801	228.9739	1.638578	7.321907	0.5418966
6762	-896.7322	-1125.885	229.1526	1.638578	5.451812	0.9471386
6768	-894.4794	-1123.043	228.5633	1.434554	9.224865	0.9574229
6774	-895.8187	-1125.138	229.3191	1.55918	5.091028	0.9574229
6780	-881.1455	-1110.433	229.2874	1.31345	4.99232	1.238664
6786	-900.8427	-1130.204	229.3611	1.351108	5.062246	1.125175
6792	-892.2505	-1121.938	229.6875	1.178575	3.721328	1.349444
6798	-901.202	-1130.353	229.1512	1.3248	6.151371	1.086523
6804	-901.2236	-1130.737	229.5137	1.310163	4.849694	1.077923
6810	-903.0605	-1132.465	229.404	1.387022	5.319506	0.9835498
6816	-885.2486	-1114.268	229.0196	1.180024	6.769087	1.207228
6822	-886.2656	-1115.68	229.414	1.110791	3.856849	1.572862
6828	-885.4147	-1114.148	228.7331	1.24276	5.729515	1.572862
6834	-886.7507	-1115.783	229.0327	1.444952	6.008734	1.11616
6840	-881.0984	-1110.397	229.2982	1.401369	6.008734	0.8945649
6846	-887.9772	-1116.82	228.8425	1.203493	6.008734	1.469465
6852	-880.9835	-1110.281	229.2976	1.203493	6.460989	0.9932089
6858	-890.8925	-1120.094	229.2017	1.429675	6.467742	0.848669
6864	-888.8061	-1117.961	229.1552	1.283347	7.278506	0.8699985
6870	-892.449	-1121.203	228.7542	1.590161	7.278506	0.9731012
6876	-876.979	-1106.456	229.4769	1.321735	4.431036	1.211322
6882	-883.305	-1113.25	229.945	0.9969596	3.667529	1.304078
6888	-890.5177	-1119.512	228.994	1.214945	4.95769	1.552404
6894	-893.47	-1122.055	228.5854	1.32991	6.54816	1.473484
6900	-883.0953	-1111.586	228.4904	1.44052	8.765791	1.09973
6906	-880.7457	-1109.626	228.8807	1.677996	7.577075	0.5547426
6912	-903.5979	-1132.362	228.764	1.779398	7.577075	0.6093295
6918	-882.7369	-1111.73	228.9936	1.830083	6.303331	0.4219351
6924	-903.0424	-1132.035	228.9922	1.931163	5.821379	0.6310852
6930	-891.7562	-1120.681	228.925	1.666347	6.718393	0.8289609
6936	-889.6268	-1118.83	229.2028	1.3806	5.930354	1.035066
6942	-882.3119	-1111.744	229.4317	1.566234	4.696969	0.9499306
6948	-880.6905	-1110.149	229.4589	1.574057	5.296858	0.6840039
6954	-892.7673	-1122.621	229.8532	1.624855	3.951975	0.5874387
6960	-899.0231	-1128.374	229.3506	1.1815	5.625272	1.152423
6966	-906.7039	-1135.783	229.0789	1.469482	5.229197	1.227929
6972	-898.3205	-1127.674	229.353	1.288009	5.755565	1.020933
6978	-896.347	-1126.052	229.7054	1.361151	3.450809	1.267823
6984	-906.763	-1135.857	229.0938	1.407413	6.177703	1.057006
6990	-900.1691	-1129.201	229.0324	1.271667	6.211903	1.22552
6996	-898.9256	-1127.879	228.9538	1.080988	5.235024	1.623598
7002	-884.7414	-1114.125	229.3839	1.222104	5.235024	1.177298
7008	-891.6352	-1121.179	229.5439	1.311196	3.758895	1.347611
7014	-896.4665	-1125.353	228.8867	1.240593	6.121711	1.38611
7020	-886.5152	-1115.322	228.8064	1.181275	5.126839	1.678511
7026	-888.1119	-1117.188	229.0763	1.110642	4.272349	1.716352
7032	-891.3137	-1120.391	229.0771	1.012895	5.420551	1.547205
7038	-899.4981	-1128.866	229.3682	1.469408	5.420551	0.9055607
7044	-894.8035	-1124.382	229.5785	1.303126	3.585676	1.376029
7050	-881.8176	-1111.349	229.5312	1.306244	5.3719	0.9198724
7056	-894.7128	-1124.18	229.4676	1.58142	4.321724	1.014664
7062	-893.5354	-1123.112	229.5769	1.446795	4.635444	0.9420528
7068	-898.9694	-1128.327	229.3578	1.433121	3.713667	1.410526
7074	-898.1378	-1127.718	229.5806	1.353802	3.360967	1.401089
7080	-889.4246	-1118.565	229.1401	1.145184	5.099791	1.465623
7086	-891.6494	-1120.753	229.1034	1.078863	5.484425	1.465623
7092	-896.9645	-1126.295	229.3303	1.259178	4.090833	1.465623
7098	-908.5608	-1137.666	229.1056	1.118797	5.99276	1.333792
7104	-891.2524	-1120.207	228.9549	1.363283	4.823219	1.499678
7110	-896.6552	-1126.235	229.5794	1.366445	3.013717	1.499678
7116	-886.5375	-1115.757	229.2196	1.029232	3.316954	1.906431
7122	-887.4691	-1116.393	228.924	1.061899	4.045169	1.906431
7128	-895.2844	-1124.197	228.9121	1.185697	4.228502	1.78855
7134	-895.4227	-1124.96	229.5374	1.343648	4.899203	1.009385
7140	-899.656	-1128.527	228.8707	1.262447	6.334197	1.342265
7146	-896.7859	-1126.451	229.6655	1.263165	5.1409	0.8873656
7152	-903.827	-1132.903	229.0759	1.146436	5.070525	1.51904
7158	-910.7323	-1139.212	228.48	1.170316	7.211384	1.564448
7164	-896.5101	-1125.113	228.6029	1.084921	7.201852	1.538198
7170	-889.4741	-1118.247	228.7728	1.118843	7.201852	1.383175
7176	-893.1163	-1121.748	228.6313	1.278612	7.342608	1.345946
7182	-898.9933	-1127.802	228.809	1.157989	8.159026	1.165885
7188	-887.572	-1116.52	228.9478	1.633385	6.79899	0.819465
7194	-879.6769	-1108.165	228.4886	1.445255	10.37427	0.819465
7200	-880.6183	-1109.425	228.8064	1.420494	7.723758	1.001665
7206	-890.8175	-1119.392	228.574	1.194925	6.899701	1.525345
7212	-904.4127	-1133.126	228.713	1.379854	7.926812	1.09237
7218	-897.6667	-1126.335	228.6679	1.472467	7.763694	1.077528
7224	-887.9058	-1116.826	228.9202	1.48353	8.067454	0.7035876
7230	-873.8284	-1102.775	228.9462	1.495128	6.857914	0.9644257
7236	-879.8856	-1108.843	228.957	1.258541	7.485072	1.058676
7242	-886.3262	-1115.38	229.054	1.189371	5.427325	1.430338
7248	-897.1877	-1125.46	228.2721	1.166561	7.160667	1.724106
7254	-899.814	-1128.816	229.0022	1.115436	6.654883	1.296386
7260	-883.0784	-1111.827	228.7483	1.054705	8.114924	1.3105
7266	-889.7247	-1118.278	228.5531	1.281704	8.114924	1.284578
7272	-888.2815	-1116.799	228.5174	1.367193	8.126632	1.241583
7278	-885.0564	-1113.973	228.9162	1.515121	6.761793	0.9960077
7284	-892.3526	-1121.341	228.9883	1.481747	6.54025	1.006371
7290	-898.1499	-1126.696	228.5461	1.132382	7.597004	1.485332
7296	-893.9555	-1122.339	228.3836	1.258231	6.986672	1.60511
7302	-892.1326	-1120.851	228.7183	1.313148	8.760292	1.004788
7308	-890.0741	-1119.01	228.9357	1.35353	6.447808	1.191719
7314	-890.6169	-1119.669	229.0523	1.294615	5.705337	1.292074
7320	-900.2779	-1129.354	229.0766	1.316341	5.524771	1.292074
7326	-889.2429	-1118.782	229.5388	1.092024	4.034514	1.448356
7332	-898.0315	-1126.925	228.8938	1.194669	5.921161	1.453346
7338	-892.4246	-1121.63	229.2052	1.035495	4.261872	1.680618
7344	-895.6043	-1123.725	228.1203	0.9546578	7.898496	1.873846
7350	-892.5442	-1120.56	228.016	1.005076	7.898496	1.910445
7356	-889.9066	-1118.989	229.0824	0.8507036	4.362794	1.872499
7362	-889.1068	-1117.725	228.6177	1.222769	7.954413	1.304716
7368	-901.892	-1130.822	228.9295	1.359292	6.621957	1.158061
7374	-910.2867	-1139.252	228.9657	1.301952	6.717692	1.158061
7380	-885.8502	-1114.701	228.8506	1.037202	4.402192	1.894956
7386	-891.831	-1120.823	228.9916	0.9491923	4.420719	1.854889
7392	-897.5611	-1126.992	229.4314	1.045415	4.30965	1.497225
7398	-910.5984	-1139.957	229.3589	1.079844	4.581598	1.462546
7404	-890.7213	-1119.418	228.6963	1.609236	8.557815	0.7171385
7410	-899.5823	-1129.458	229.8757	1.505512	3.915415	0.7907496
7416	-900.1571	-1129.528	229.3705	1.325497	4.951166	1.16716
7422	-898.5979	-1128.205	229.6076	1.271373	4.661428	1.077848
7428	-894.0038	-1122.886	228.8823	1.192726	6.44722	1.367838
7434	-900.9627	-1130.471	229.5085	1.295753	4.0496	1.308287
7440	-893.1511	-1121.825	228.6739	1.295753	6.49463	1.441307
7446	-890.7778	-1119.703	228.9253	1.42841	5.453202	1.338693
7452	-903.0147	-1132.021	229.0068	1.541791	6.550767	0.92232
7458	-890.4913	-1119.429	228.9372	1.203367	5.467958	1.500324
7464	-888.7692	-1117.866	229.0965	1.344962	5.958374	1.159314
7470	-907.8266	-1136.685	228.8584	1.205922	6.281436	1.406012
7476	-899.4375	-1128.987	229.5494	1.113296	3.807123	1.483218
7482	-904.1311	-1133.663	229.5324	1.347611	3.674057	1.351893
7488	-902.4091	-1132.161	229.7515	1.419259	3.674057	1.106208
7494	-914.7978	-1143.825	229.0269	1.308075	5.651047	1.312897
7500	-907.9294	-1137.287	229.3576	1.320237	4.873103	1.202123
7506	-911.1215	-1140.582	229.4601	1.390201	4.306443	1.200528
7512	-902.3445	-1131.59	229.2451	1.828997	5.322804	0.5594587
7518	-900.1022	-1129.37	229.2675	1.653627	5.694789	0.6992679
7524	-892.828	-1122.026	229.1981	1.501434	6.001616	0.8964996
7530	-894.1394	-1122.902	228.7622	0.8883003	6.052004	1.749136
7536	-892.2074	-1121.045	228.8377	0.8563858	5.04083	1.898879
7542	-888.4404	-1117.475	229.0346	1.122012	4.884218	1.605916
7548	-893.7555	-1122.541	228.7858	1.287893	6.966557	1.276974
7554	-881.412	-1110.6	229.1883	1.189914	5.884002	1.229325
7560	-885.3733	-1114.304	228.9308	1.004091	7.106545	1.364793
7566	-882.7346	-1111.77	229.0359	1.230138	6.304282	1.239449
7572	-879.8506	-1108.649	228.7981	1.096148	6.649517	1.472282
7578	-887.4762	-1117.203	229.7266	1.159603	3.83641	1.300681
7584	-880.2418	-1109.483	229.2409	1.437548	6.174519	0.8733474
7590	-889.8418	-1118.939	229.0972	1.328808	6.267309	1.107419
7596	-883.6287	-1112.535	228.9065	1.439	7.407734	0.9442972
7602	-895.4072	-1124.741	229.3334	1.54558	5.067479	0.9635327
7608	-888.7179	-1117.993	229.275	1.3705	6.037783	0.9460934
7614	-890.5552	-1119.157	228.6022	1.416119	8.760824	1.017671
7620	-889.8609	-1118.781	228.9199	1.478991	6.943982	0.9890267
7626	-904.6863	-1133.573	228.8871	1.275185	6.943982	1.206794
7632	-897.859	-1126.7	228.8414	1.164331	6.486988	1.414875
7638	-897.5194	-1126.455	228.9355	1.464835	6.546906	1.07208
7644	-902.0196	-1131.029	229.0098	1.317084	6.630333	1.122426
7650	-891.4107	-1120.319	228.9088	1.453542	7.685178	0.8635438
7656	-896.5168	-1125.957	229.4403	1.417149	4.81173	1.05666
7662	-893.6788	-1122.705	229.0264	1.621321	5.582584	1.05666
7668	-886.891	-1116.277	229.3861	1.279464	4.446043	1.3176
7674	-887.1282	-1116.278	229.1501	1.062025	5.630469	1.413969
7680	-907.6225	-1136.378	228.7559	1.984675	6.731846	0.507879
7686	-902.4695	-1131.537	229.0674	1.997617	5.354207	0.4419579
7692	-896.0883	-1125.086	228.9973	1.434483	5.656264	1.232
7698	-882.7872	-1112.497	229.7101	1.507844	4.272799	0.8485618
7704	-886.8624	-1116.482	229.6199	1.316469	4.400001	1.098307
7710	-900.2479	-1129.413	229.1652	1.2244	6.469267	1.098307
7716	-900.5347	-1129.515	228.9807	1.393645	6.469267	1.112256
7722	-899.4525	-1128.471	229.0183	1.400065	6.497702	1.065564
7728	-889.9563	-1118.689	228.7326	1.386745	7.93495	1.066265
7734	-894.7071	-1123.885	229.1782	1.207326	4.981442	1.414109
7740	-882.4999	-1111.367	228.8675	1.093041	3.733226	1.99579
7746	-882.0116	-1111.295	229.2836	1.161615	4.287863	1.526004
7752	-884.7076	-1113.55	228.8428	0.9142012	5.712965	1.732825
7758	-887.6239	-1116.38	228.7562	1.246993	6.826129	1.358131
7764	-882.4563	-1111.741	229.2844	1.457862	4.793275	1.166298
7770	-878.2276	-1107.412	229.1845	1.037187	6.944862	1.155124
7776	-886.232	-1114.883	228.6512	1.213076	6.662117	1.492838
7782	-889.653	-1117.997	228.3444	1.06132	7.326971	1.723158
7788	-892.5415	-1121.62	229.0785	0.9326738	4.306391	1.831263
7794	-905.6771	-1134.43	228.7529	0.9411783	6.487021	1.646464
7800	-891.8696	-1120.446	228.5768	0.8662707	5.862978	1.923238
7806	-896.3508	-1124.673	228.3224	1.027377	5.441175	2.05701
7812	-899.9359	-1129.002	229.066	1.168884	4.775754	1.571699
7818	-892.7531	-1122.177	229.4235	1.13801	4.775754	1.321775
7824	-902.35	-1131.295	228.9451	0.9795392	4.56651	1.83542
7830	-898.05	-1127.479	229.4285	1.35907	3.994992	1.336393
7836	-900.0219	-1129.181	229.1596	1.55873	4.60902	1.233446
7842	-878.2457	-1107.368	229.122	1.355494	5.771031	1.168133
7848	-883.6953	-1112.505	228.8097	1.668168	5.771031	1.167755
7854	-885.1586	-1113.847	228.6889	1.442486	6.149382	1.377797
7860	-877.7756	-1107.287	229.5111	1.39207	4.910153	0.9841238
7866	-878.8442	-1107.751	228.9066	1.57263	6.277879	1.055619
7872	-885.4677	-1114.592	229.1242	1.177602	4.966423	1.481276
7878	-902.1642	-1131.382	229.2178	1.415928	4.389428	1.357099
7884	-902.021	-1131.296	229.2754	1.276808	5.093508	1.25578
7890	-903.0381	-1131.887	228.8489	1.307519	7.388421	1.13106
7896	-908.5275	-1137.243	228.7153	1.417369	7.388421	1.152187
7902	-906.0145	-1135.201	229.1868	1.165938	6.394706	1.146828
7908	-896.6777	-1125.342	228.6647	1.409438	9.529208	0.8110133
7914	-890.3585	-1119.171	228.8125	1.319169	8.486408	0.9522895
7920	-891.732	-1120.365	228.633	1.639401	7.183756	1.063046
7926	-881.5242	-1110.407	228.8831	1.490973	7.183756	0.9625593
7932	-887.2826	-1116.683	229.4009	1.221874	5.010245	1.21598
7938	-888.3784	-1117.26	228.8817	1.318905	7.302702	1.106904
7944	-878.3473	-1106.786	228.4383	1.475203	8.80509	1.109316
7950	-898.3633	-1127.147	228.7838	1.420213	7.54775	1.057689
7956	-884.0167	-1112.828	228.8111	1.246543	7.774243	1.150677
7962	-906.3019	-1135.045	228.7427	1.218597	8.895313	1.050124
7968	-903.3324	-1132.473	229.1404	1.407627	6.537988	0.9260275
7974	-904.9987	-1133.939	228.9406	1.33001	6.576737	1.182733
7980	-896.8574	-1125.861	229.0039	1.297418	5.578665	1.354564
7986	-895.0246	-1123.889	228.8639	1.298741	6.141725	1.354564
7992	-891.8783	-1120.847	228.9691	1.159961	7.204356	1.188256
7998	-885.6331	-1114.356	228.7233	1.130066	8.64077	1.188256
8004	-881.2348	-1109.785	228.5499	1.124862	5.246407	1.873729
8010	-883.1906	-1111.443	228.2523	1.013827	5.246407	2.1458
8016	-894.5902	-1123.2	228.6097	1.167747	4.585402	1.931739
8022	-890.7555	-1119.785	229.03	1.378292	6.897453	0.9895889
8028	-895.4238	-1124.872	229.4484	1.318768	4.766128	1.15135
8034	-901.7365	-1131.111	229.3747	1.466913	4.461404	1.166155
8040	-887.9778	-1116.813	228.8351	1.068554	5.708244	1.629277
8046	-902.9003	-1132.038	229.1374	1.4275	5.660782	1.114949
8052	-896.6812	-1125.929	229.2476	1.54373	5.633442	0.8957805
8058	-892.3309	-1121.038	228.7076	1.520207	7.585662	1.027616
8064	-895.5101	-1124.274	228.7641	1.301395	7.303183	1.22515
8070	-891.9042	-1120.604	228.7003	1.238832	7.811176	1.246308
8076	-893.5936	-1122.39	228.7967	1.385662	6.637213	1.246308
8082	-888.7571	-1117.346	228.5889	1.092651	7.501181	1.497364
8088	-901.9964	-1130.529	228.5328	1.12835	7.501181	1.512692
8094	-892.279	-1120.621	228.3415	0.9408221	4.573356	2.259424
8100	-901.7073	-1130.906	229.1989	0.8715713	4.573356	1.732649
8106	-907.2885	-1135.732	228.4435	0.6473092	5.22217	2.263435
8112	-901.2874	-1129.589	228.3019	0.9696073	4.588478	2.263435
8118	-887.4586	-1116.719	229.2608	1.040885	4.825494	1.511568
8124	-902.5923	-1131.123	228.5311	1.030555	8.159629	1.491714
8130	-897.9609	-1126.046	228.0846	0.9565981	7.684421	1.924972
8136	-904.2025	-1133.168	228.9655	1.055887	4.577566	1.766128
8142	-887.3856	-1116.124	228.7384	1.135539	6.866345	1.45167
8148	-891.8024	-1120.415	228.6125	1.343324	8.488	1.122103
8154	-887.4303	-1116.206	228.7755	1.35456	8.434644	0.9638056
8160	-890.0636	-1118.7	228.6368	1.317685	9.967717	0.8714348
8166	-890.9282	-1119.544	228.6155	1.24643	7.819119	1.308413
8172	-891.979	-1120.666	228.6869	1.170398	7.71955	1.327776
8178	-885.6262	-1114.297	228.671	1.21334	7.099463	1.405531
8184	-893.3678	-1122.138	228.7701	0.9637378	7.099463	1.519894
8190	-885.9528	-1114.556	228.6033	1.188068	7.099463	1.476767
8196	-892.5481	-1121.467	228.9188	0.8759074	7.08358	1.476767
8202	-878.5157	-1107.247	228.7313	1.018674	7.08358	1.510342
8208	-899.444	-1128.415	228.9714	1.280085	5.63184	1.383094
8214	-887.3807	-1116.118	228.7369	1.545778	7.23165	1.043908
8220	-882.6876	-1111.143	228.4551	1.31303	11.23483	0.8669553
8226	-880.9153	-1109.449	228.5338	1.385752	9.842892	0.9328879
8232	-891.4742	-1120.498	229.024	1.338814	6.716906	1.071859
8238	-902.5362	-1132.635	230.0986	1.119756	3.634347	1.075607
8244	-889.8067	-1118.458	228.6518	1.514341	9.52538	0.6691783
8250	-912.8009	-1141.007	228.2062	1.725313	9.583867	0.9645044
8256	-900.2636	-1128.911	228.6478	1.555878	8.895246	0.7807428
8262	-891.7309	-1119.992	228.2609	1.740933	10.66674	0.6389765
8268	-881.4504	-1110.17	228.72	1.685804	7.880099	0.7570535
8274	-890.6881	-1119.309	228.621	1.500486	9.478477	0.7570535
8280	-886.5957	-1115.643	229.047	1.424478	7.140437	0.8649097
8286	-877.0148	-1105.871	228.8561	1.383603	7.686074	0.9962359
8292	-875.9886	-1104.669	228.6804	1.450029	8.374176	0.9747872
8298	-878.2784	-1107.056	228.7781	1.324531	6.933493	1.258926
8304	-878.1216	-1107.055	228.9339	1.307218	5.844143	1.34939
8310	-882.2341	-1111.163	228.9293	1.260387	7.283186	1.120439
8316	-883.0446	-1112.177	229.1327	1.431599	5.729501	1.099749
8322	-874.8262	-1103.847	229.021	1.385361	7.309024	0.89984
8328	-896.4981	-1125.238	228.7399	1.141232	8.360103	1.207972
8334	-889.926	-1118.503	228.5774	1.37959	8.077655	1.187868
8340	-886.4425	-1115.435	228.9924	1.353096	6.841504	1.06264
8346	-884.7026	-1113.8	229.0969	1.2294	7.364426	0.9735787
8352	-895.3281	-1123.953	228.6247	1.569205	8.516675	0.8776071
8358	-899.2857	-1128.548	229.2622	1.414715	6.236624	0.8579465
8364	-885.5662	-1114.394	228.8276	1.339014	6.565667	1.272542
8370	-884.3576	-1112.921	228.5638	1.09517	6.463024	1.675459
8376	-882.1736	-1111.097	228.9233	1.019475	6.079183	1.534186
8382	-880.5171	-1109.403	228.8862	1.328388	5.667544	1.404841
8388	-882.9177	-1112.279	229.3608	1.193397	5.667544	1.123082
8394	-879.8171	-1108.8	228.9828	1.426011	6.09908	1.158245
8400	-884.2804	-1113.229	228.949	1.207268	6.261521	1.337281
8406	-894.1033	-1123.293	229.1897	1.36258	5.153835	1.24184
8412	-893.7867	-1122.538	228.7514	1.44304	7.700093	1.038067
8418	-885.519	-1114.352	228.8332	1.233736	7.068568	1.264736
8424	-895.3705	-1124.141	228.7709	1.394765	6.61233	1.264736
8430	-894.9399	-1124.107	229.1675	1.295937	4.902867	1.370627
8436	-885.9988	-1115.212	229.213	1.361713	5.49196	1.144993
8442	-889.3627	-1119.328	229.9655	1.462818	3.30826	0.9914842
8448	-891.9789	-1121.747	229.7677	1.36282	3.345682	1.248233
8454	-883.5776	-1113.153	229.5756	1.277981	4.121539	1.248233
8460	-888.4646	-1117.014	228.549	1.20877	7.045066	1.510618
8466	-873.1267	-1102.012	228.8856	1.317668	6.570156	1.241303
8472	-893.0529	-1121.574	228.5215	1.515368	9.003686	0.9559963
8478	-881.5428	-1110.812	229.2692	1.471998	5.970804	0.8566768
8484	-899.0573	-1128.252	229.1951	1.396017	6.897083	0.7777606
8490	-884.841	-1113.532	228.6913	1.628421	7.251828	1.00362
8496	-888.6676	-1117.693	229.025	1.457544	5.426253	1.239164
8502	-884.9884	-1113.435	228.4469	1.242748	7.565708	1.481629
8508	-882.0913	-1110.609	228.5179	0.9319056	6.565196	1.806113
8514	-881.6141	-1110.278	228.6641	0.829635	6.543187	1.779043
8520	-899.5294	-1128.686	229.1562	1.202431	5.713897	1.280706
8526	-902.5499	-1131.648	229.098	0.9862734	3.982512	1.853812
8532	-916.8582	-1146.082	229.2237	1.281927	3.982512	1.555366
8538	-926.3319	-1155.326	228.994	1.386344	4.372194	1.554275
8544	-890.9623	-1119.779	228.8171	0.8402673	3.783947	2.183268
8550	-888.5557	-1117.585	229.0291	1.072982	4.826572	1.657224
8556	-877.9303	-1106.739	228.809	1.142761	4.826572	1.763456
8562	-891.6868	-1121.038	229.3507	1.150922	4.990936	1.320487
8568	-896.8181	-1126.184	229.3661	1.292605	4.576714	1.290819
8574	-904.4983	-1133.772	229.2732	1.525469	4.576714	1.172946
8580	-901.3221	-1130.339	229.0169	1.45076	5.788245	1.172946
8586	-895.7546	-1124.841	229.0868	1.194093	6.046495	1.277461
8592	-897.1283	-1126.09	228.9612	1.319707	6.046495	1.277461
8598	-888.3487	-1117.563	229.2145	1.043711	4.835464	1.541788
8604	-905.2768	-1134.102	228.8253	1.244678	5.525385	1.541788
8610	-886.1289	-1114.946	228.8168	1.117866	4.632059	1.814917
8616	-886.7543	-1115.901	229.1463	1.019103	4.336139	1.717323
8622	-881.2211	-1110.717	229.4955	1.283552	3.88972	1.371565
8628	-889.6253	-1118.516	228.8909	1.543503	6.832204	0.9773496
8634	-883.6842	-1112.613	228.9287	1.342695	7.665759	0.9679754
8640	-892.3366	-1121.513	229.1761	1.211183	6.344867	1.126202
8646	-887.3844	-1116.43	229.0454	1.154199	6.589614	1.240726
8652	-892.5176	-1122.024	229.506	1.284045	4.346933	1.240726
8658	-893.0675	-1122.765	229.698	1.306688	4.758621	0.923351
8664	-912.5006	-1141.485	228.9841	1.326003	5.617746	1.339611
8670	-903.4556	-1132.885	229.4294	1.381749	4.71969	1.124189
8676	-893.4226	-1122.575	229.1528	1.456863	6.622667	0.8324617
8682	-907.8996	-1137.734	229.8347	1.434845	4.054666	0.8719051
8688	-895.6845	-1124.978	229.2931	1.394879	6.332505	0.8165719
8694	-902.4988	-1131.951	229.4521	1.280089	5.478238	1.000679
8700	-894.6415	-1123.511	228.8696	1.633476	7.779444	0.610764
8706	-893.2222	-1122.271	229.0483	1.620057	6.861943	0.6633763
8712	-882.1576	-1111.314	229.1567	1.473593	6.01065	0.9688065
8718	-888.7895	-1118.12	229.3301	1.570153	5.542662	0.7903127
8724	-896.5091	-1125.765	229.2559	1.32903	5.820831	1.059319
8730	-902.8264	-1132.191	229.3647	1.100064	5.096437	1.326424
8736	-892.4777	-1121.891	229.4129	1.089905	4.759702	1.372177
8742	-896.9617	-1125.464	228.5023	0.8927334	5.676082	1.986814
8748	-884.2674	-1113.647	229.3794	1.075825	4.303818	1.514716
8754	-886.7487	-1116.207	229.4586	1.231053	3.754043	1.477045
8760	-899.2462	-1129.337	230.0913	1.278146	2.440529	1.377017
8766	-900.4578	-1129.974	229.5163	1.412258	3.893701	1.249591
8772	-886.3858	-1115.188	228.8026	1.424716	8.260883	0.8928717
8778	-906.0698	-1135.042	228.9727	1.54182	5.655887	1.161028
8784	-913.8172	-1142.877	229.06	1.360382	6.628452	1.035698
8790	-899.0289	-1128.144	229.1153	1.09172	3.813566	1.809317
8796	-885.8426	-1115.384	229.5418	1.09172	5.384959	1.117435
8802	-888.0312	-1117.307	229.2754	1.09172	4.561774	1.520899
8808	-892.3241	-1121.512	229.188	1.136318	4.996217	1.457853
8814	-895.0032	-1123.27	228.2669	1.3888	10.73807	1.059644
8820	-896.9889	-1126.125	229.1359	1.432678	5.984363	1.036705
8826	-901.7573	-1130.848	229.0902	1.633725	5.984363	0.8732514
8832	-897.1523	-1126.643	229.4908	1.280705	4.730381	1.156741
8838	-894.5868	-1123.847	229.2598	1.638808	5.733319	0.7209598
8844	-896.4844	-1125.825	229.3406	1.856241	4.858834	0.5819775
8850	-903.2305	-1131.669	228.4385	0.862042	4.414968	2.278881
8856	-903.1264	-1132.218	229.0913	0.9377062	4.04411	1.877375
8862	-891.6048	-1120.9	229.295	1.411616	3.833726	1.44283
8868	-903.0609	-1131.981	228.9203	1.263922	5.592873	1.44283
8874	-890.617	-1119.99	229.3731	1.248394	4.650264	1.303205
8880	-889.7921	-1119.27	229.4776	1.128957	4.70048	1.303205
8886	-886.1743	-1114.874	228.6998	1.136775	5.654509	1.686984
8892	-894.1404	-1123.205	229.0648	1.281619	5.92594	1.247402
8898	-887.3498	-1116.016	228.6661	1.281619	7.201726	1.338893
8904	-891.8846	-1121.179	229.2942	1.434237	4.438531	1.268263
8910	-892.2201	-1121.316	229.0959	1.167922	6.081916	1.28458
8916	-891.7672	-1121.198	229.4305	1.143167	4.892613	1.28458
8922	-888.715	-1117.814	229.0988	1.353881	5.359181	1.278627
8928	-880.4874	-1109.769	229.2811	1.455849	5.016841	1.114236
8934	-887.123	-1116.207	229.0844	1.263196	6.13765	1.203432
8940	-888.7556	-1118.212	229.456	1.210453	4.551166	1.290833
8946	-895.6557	-1124.393	228.7375	1.018802	3.905823	2.091023
8952	-896.2338	-1125.897	229.6628	1.013282	4.53654	1.286592
8958	-889.7748	-1118.918	229.1432	1.370572	4.372849	1.454221
8964	-896.7373	-1125.836	229.0991	1.290016	5.693078	1.259856
8970	-905.1867	-1134.335	229.1479	1.233783	4.966126	1.420361
8976	-908.0887	-1137.373	229.2844	1.055407	5.116669	1.420361
8982	-892.4925	-1121.609	229.1162	1.418948	6.395843	0.9736905
8988	-896.2531	-1125.128	228.8745	0.9601635	5.028221	1.805026
8994	-907.6954	-1137.744	230.0486	1.656644	3.02076	0.8112695
9000	-906.313	-1136.525	230.2118	1.834211	2.561952	0.5500801
9006	-901.2529	-1130.27	229.0168	1.969983	5.684169	0.4895296
9012	-888.2083	-1117.356	229.1482	1.580991	6.54295	0.6818147
9018	-891.7787	-1121.184	229.4057	1.580991	5.476657	0.6818147
9024	-899.0719	-1127.862	228.7898	1.513026	6.730194	1.124285
9030	-890.4234	-1119.516	229.0926	1.242953	6.582162	1.124285
9036	-903.8792	-1132.844	228.965	1.100133	4.244227	1.807694
9042	-895.7491	-1124.003	228.2539	1.076382	7.106125	1.807694
9048	-887.0872	-1115.994	228.9069	1.234478	4.64726	1.666683
9054	-880.4318	-1109.717	229.2857	1.208606	5.439631	1.226361
9060	-899.8029	-1129.252	229.4493	1.431267	4.551139	1.106923
9066	-890.7965	-1119.778	228.9817	1.442577	6.276995	1.106923
9072	-896.4686	-1125.414	228.9449	1.135333	5.511941	1.536762
9078	-916.1507	-1144.644	228.4929	0.9632916	5.511941	1.974018
9084	-889.5746	-1118.244	228.6693	1.068294	4.569708	1.96172
9090	-888.5208	-1117.106	228.5848	1.049661	4.374993	2.070073
9096	-884.6268	-1113.666	229.0389	1.318655	5.57961	1.309318
9102	-875.9272	-1105.488	229.5613	1.603095	4.771407	0.710881
9108	-888.6396	-1117.627	228.9872	1.459418	7.957124	0.662659
9114	-887.8518	-1116.929	229.0767	1.258987	7.148494	1.008972
9120	-885.5882	-1114.467	228.8787	1.325439	7.333388	1.097892
9126	-868.6954	-1098.147	229.4519	1.36442	4.801218	1.097892
9132	-884.4247	-1113.275	228.8505	1.264484	6.016801	1.415181
9138	-881.611	-1110.419	228.8083	1.486996	6.552023	1.166012
9144	-880.6584	-1109.461	228.8027	1.326118	6.552023	1.305936
9150	-872.1566	-1100.934	228.7772	1.212106	6.552023	1.416265
9156	-872.108	-1101.572	229.4635	1.552569	4.402172	1.022216
9162	-879.4936	-1108.69	229.1964	1.232759	5.175056	1.337677
9168	-894.2797	-1123.556	229.2761	1.318078	4.598411	1.337677
9174	-894.3381	-1123.414	229.0755	1.154162	5.950945	1.337677
9180	-888.0424	-1117.554	229.5116	1.254731	4.44828	1.234198
9186	-891.6026	-1120.92	229.3175	1.270409	6.006389	1.01265
9192	-876.6982	-1106.144	229.4461	1.195793	5.704704	1.032488
9198	-879.2435	-1108.276	229.0326	1.199032	4.855441	1.557152
9204	-882.6365	-1111.627	228.9908	1.315858	6.192368	1.227228
9210	-892.4951	-1121.857	229.3618	1.373454	4.031739	1.368096
9216	-894.4013	-1123.192	228.7905	1.456328	4.241783	1.680882
9222	-898.007	-1127.421	229.4144	1.15581	4.241783	1.442805
9228	-895.6422	-1125.018	229.3759	1.285191	4.685251	1.262241
9234	-893.6888	-1122.537	228.8479	1.577872	6.838692	0.9847402
9240	-891.6831	-1121.167	229.4839	1.229005	5.166917	1.098407
9246	-883.8358	-1113.107	229.2716	1.35845	5.477803	1.098407
9252	-888.9804	-1118.183	229.2028	1.609821	5.930829	0.7770263
9258	-890.8378	-1120.228	229.3905	1.609821	5.200755	0.7770263
9264	-894.7189	-1124.074	229.3548	1.332505	4.794329	1.213378
9270	-888.1815	-1117.491	229.3096	1.145084	4.115708	1.560131
9276	-888.7735	-1118.196	229.4222	1.135473	5.094953	1.250903
9282	-890.4186	-1118.742	228.3232	1.07625	5.266377	2.054802
9288	-880.769	-1109.849	229.08	1.33334	5.536479	1.272889
9294	-887.248	-1116.623	229.3747	1.277981	5.536479	1.063198
9300	-901.4994	-1130.245	228.7456	1.345814	7.941719	1.091089
9306	-884.9607	-1114.232	229.2711	1.322757	5.649458	1.091089
9312	-898.0924	-1126.975	228.8823	1.409898	5.649458	1.347415
9318	-899.9922	-1128.232	228.24	1.44806	7.488135	1.494472
9324	-891.2635	-1120.607	229.3437	1.270222	3.526855	1.594423
9330	-899.2919	-1128.555	229.2635	1.049434	4.119511	1.662053
9336	-918.6972	-1147.965	229.2678	1.199989	3.887254	1.606811
9342	-911.8084	-1141.135	229.3264	1.20758	4.043985	1.519006
9348	-897.6159	-1126.899	229.2829	1.242043	4.305509	1.461813
9354	-906.4483	-1135.746	229.2974	1.278381	5.581787	1.123321
9360	-891.3146	-1120.584	229.269	1.377082	5.399391	1.102462
9366	-884.2895	-1113.344	229.0543	1.283579	6.194507	1.200245
9372	-888.3879	-1118.008	229.6206	1.301529	3.140428	1.477839
9378	-888.3252	-1117.808	229.4829	1.378991	3.448929	1.431026
9384	-881.4305	-1111.185	229.7541	1.509517	3.899554	0.937232
9390	-883.8626	-1113.578	229.715	1.169142	4.005578	1.254828
9396	-876.5805	-1105.444	228.8632	1.568353	7.453565	0.8353462
9402	-889.7571	-1119.585	229.8276	1.467583	4.068634	0.8353462
9408	-883.3159	-1112.711	229.3952	1.226108	4.65989	1.301042
9414	-886.7089	-1115.344	228.6346	0.95635	6.022938	1.795477
9420	-882.0298	-1110.85	228.8202	1.470218	7.125643	1.057522
9426	-882.0618	-1111.109	229.0469	1.671234	6.22221	0.8106556
9432	-885.9467	-1114.915	228.9684	1.193971	8.539003	0.9088641
9438	-881.4087	-1110.14	228.7315	1.387798	6.104019	1.395645
9444	-886.6571	-1115.272	228.6144	0.979093	6.022454	1.7938
9450	-890.6709	-1118.888	228.2171	1.117321	5.97212	1.978372
9456	-902.1046	-1131.423	229.3187	1.251901	5.97212	1.037609
9462	-893.6677	-1122.93	229.2619	1.511727	5.97212	0.8159899
9468	-903.8923	-1132.776	228.8841	1.789712	6.321271	0.8376884
9474	-898.3793	-1127.33	228.9509	2.071621	5.421747	0.6372612
9480	-893.1972	-1122.864	229.667	1.460197	4.588163	0.8401417
9486	-884.8828	-1114.604	229.7216	1.393641	4.323583	0.9464433
9492	-884.8283	-1114.419	229.5904	1.52861	4.888559	0.7297464
9498	-889.6926	-1119.304	229.6119	1.541868	4.760309	0.7333867
9504	-877.5928	-1106.892	229.2989	1.441048	5.904805	0.8771745
9510	-881.3108	-1110.349	229.0383	1.302429	5.625808	1.313387
9516	-894.9184	-1123.806	228.8879	0.9611849	3.663411	2.086159
9522	-893.7771	-1123.651	229.8734	1.497728	4.032318	0.748594
9528	-894.9089	-1124.505	229.5957	1.429462	4.132124	1.095363
9534	-902.5364	-1132.585	230.0481	1.427915	3.022141	1.05866
9540	-903.8068	-1133.881	230.0737	1.522102	3.085773	0.9096075
9546	-887.7241	-1117.223	229.4984	1.391161	4.579907	1.090679
9552	-874.9552	-1104.328	229.3728	1.167912	5.864179	1.090679
9558	-890.6406	-1120.089	229.448	1.337994	4.934125	1.090679
9564	-890.9192	-1120.106	229.1864	1.373958	6.022788	1.035719
9570	-889.3923	-1118.938	229.5458	1.282178	5.149575	0.9926071
9576	-909.9622	-1139.472	229.5098	1.213364	5.348163	1.043013
9582	-893.4145	-1122.884	229.4697	1.253405	5.348163	1.043013
9588	-886.3536	-1116.007	229.653	1.365538	4.499454	0.989991
9594	-889.2194	-1118.921	229.7019	1.234048	3.293655	1.420243
9600	-886.1224	-1115.524	229.4017	1.422425	5.640406	0.8554873
9606	-890.7482	-1119.927	229.1791	1.294125	6.716595	0.9633388
9612	-886.5213	-1115.898	229.3771	1.294569	4.556942	1.285078
9618	-885.1867	-1114.319	229.1321	1.248287	5.606782	1.285078
9624	-913.4144	-1142.704	229.2895	1.126999	4.53945	1.489007
9630	-906.5324	-1135.447	228.9143	1.675912	6.181037	0.9682649
9636	-904.2381	-1133.36	229.1222	1.523834	5.373812	1.108663
9642	-900.0114	-1129.326	229.3149	1.164007	4.672137	1.410952
9648	-897.1037	-1126.042	228.9385	1.227047	4.672137	1.644067
9654	-895.1458	-1124.105	228.9587	1.348439	5.387776	1.388993
9660	-893.6428	-1122.916	229.2734	1.166513	4.893088	1.391306
9666	-906.1397	-1134.601	228.4611	1.107546	5.378717	1.921776
9672	-892.7897	-1121.876	229.0858	0.8539261	4.857947	1.765496
9678	-898.9406	-1127.75	228.8094	1.445321	6.965601	1.121729
9684	-900.2214	-1128.525	228.3041	1.104169	6.360229	1.866617
9690	-893.1272	-1122.115	228.988	1.631229	6.458906	0.8656602
9696	-901.3038	-1131.063	229.7594	1.365545	4.512947	0.8702124
9702	-898.9913	-1128.1	229.1085	1.144869	6.132278	1.283337
9708	-896.9177	-1126.267	229.3493	1.214003	3.786098	1.56276
9714	-917.4852	-1146.727	229.2415	1.624943	4.156298	1.227896
9720	-886.9282	-1116.279	229.3509	1.309477	4.318219	1.353656
9726	-900.307	-1130.124	229.8169	1.190614	3.328273	1.353656
9732	-891.2166	-1120.888	229.671	1.225592	3.945465	1.261413
9738	-897.4946	-1126.831	229.336	1.176609	5.213298	1.261413
9744	-894.244	-1123.253	229.0093	1.284012	4.980841	1.484594
9750	-885.9172	-1115.409	229.492	1.321116	3.704127	1.395969
9756	-891.1103	-1120.427	229.3168	1.469369	4.999093	1.073529
9762	-892.2806	-1121.176	228.8953	1.544174	6.488525	1.047457
9768	-892.7279	-1122.293	229.565	1.515816	4.869152	0.7934415
9774	-890.4653	-1119.804	229.3391	1.205281	5.28128	1.219456
9780	-880.4716	-1109.495	229.0234	1.352674	5.208769	1.372475
9786	-900.8501	-1129.893	229.0434	1.229084	7.305812	1.038983
9792	-890.4084	-1119.51	229.1017	1.478619	6.064008	1.006488
9798	-890.7627	-1120.05	229.2876	1.438686	4.265289	1.314398
9804	-897.7412	-1127.055	229.3142	1.412071	4.265289	1.314398
9810	-889.7281	-1119.08	229.3517	1.234353	4.723129	1.314398
9816	-895.0173	-1124.774	229.7563	1.38875	3.229117	1.274279
9822	-900.1302	-1129.939	229.8091	1.492523	3.229117	1.140563
9828	-890.0839	-1119.532	229.4481	1.085608	4.067741	1.513369
9834	-878.7497	-1107.712	228.9621	1.101322	5.504389	1.550638
9840	-889.8578	-1119.124	229.2667	1.333175	4.933208	1.253466
9846	-888.7804	-1118.169	229.3886	1.275768	4.439976	1.32009
9852	-886.6175	-1115.797	229.1792	1.414334	4.515129	1.358204
9858	-880.519	-1109.996	229.4774	1.046434	4.314852	1.460412
9864	-890.3902	-1119.319	228.9291	1.043507	5.828179	1.557203
9870	-902.5553	-1131.653	229.0979	1.393592	4.566284	1.425682
9876	-893.643	-1122.888	229.2446	1.53289	5.492685	0.9503971
9882	-885.8561	-1115.374	229.5183	1.580137	4.705955	0.8321735
9888	-902.0111	-1131.575	229.5637	1.422643	4.94933	0.8824158
9894	-898.9334	-1128.153	229.2196	1.672546	5.858929	0.6775705
9900	-894.8597	-1124.642	229.7822	1.467644	3.966256	0.9274785
9906	-894.835	-1124.284	229.4492	1.594846	5.262567	0.6804198
9912	-898.8895	-1128.229	229.3392	1.667593	5.262567	0.7430548
9918	-891.8874	-1121.952	230.0648	1.524107	3.023695	0.9452478
9924	-889.3346	-1118.704	229.3692	1.25549	5.024124	1.210972
9930	-890.9663	-1120.105	229.139	1.311671	6.604941	1.0112
9936	-897.0852	-1126.219	229.1341	1.386347	5.482926	1.194426
9942	-902.8744	-1132.138	229.2634	1.737721	5.31652	0.7294601
9948	-908.6728	-1137.313	228.6404	1.562886	9.199012	0.7010114
9954	-892.3112	-1121.817	229.5058	1.631825	4.795907	0.7423865
9960	-898.8392	-1128.45	229.6108	1.420224	5.006184	0.8080828
9966	-886.728	-1115.634	228.9059	1.60014	7.758657	0.6136763
9972	-898.7159	-1127.729	229.0132	1.808392	6.352911	0.5479226
9978	-893.9848	-1122.842	228.8573	1.395132	7.177947	1.082924
9984	-891.7116	-1120.822	229.1108	1.262493	4.896081	1.442124
9990	-898.946	-1127.583	228.6373	1.212544	6.67751	1.501114
9996	-894.7542	-1123.901	229.1468	1.165696	6.918113	1.078121
10002	-882.9587	-1111.763	228.8044	1.21388	6.391341	1.421986
10008	-892.5216	-1121.1	228.578	1.171485	7.732683	1.410724
10014	-884.2814	-1112.86	228.5786	1.192748	6.713534	1.553519
10020	-897.3061	-1125.92	228.6144	0.8823785	6.015479	1.861536
10026	-895.1736	-1124.637	229.4632	1.12886	5.517314	1.123593
10032	-897.6824	-1127.373	229.6903	1.4121	4.280877	0.9740602
10038	-902.3407	-1131.479	229.1388	1.341876	5.476536	1.229713
10044	-884.2644	-1113.665	229.4006	1.318093	4.971828	1.142035
10050	-887.6496	-1117.092	229.442	1.297691	4.971828	1.123232
10056	-882.4916	-1111.861	229.3698	1.308217	5.717017	0.9938114
10062	-891.3146	-1120.677	229.3628	1.297219	4.902265	1.210211
10068	-889.5724	-1118.396	228.8234	1.018602	4.136356	1.983024
10074	-895.8498	-1124.497	228.6473	0.9357321	4.281331	2.123236
10080	-892.3524	-1121.111	228.759	1.057788	4.790214	1.863911
10086	-901.478	-1130.949	229.4709	1.158943	4.434993	1.34894
10092	-892.8109	-1121.953	229.1417	0.7501123	3.534818	2.089128
10098	-881.3859	-1110.191	228.8053	0.7167145	3.938499	2.236149
10104	-885.6981	-1114.949	229.2507	0.8858882	4.91285	1.614515
10110	-895.0015	-1124.27	229.2682	1.213135	3.545994	1.684654
10116	-884.4834	-1113.478	228.9945	1.097549	4.72904	1.684654
10122	-893.394	-1123.245	229.851	1.458338	3.187668	1.148558
10128	-898.9211	-1128.489	229.5675	1.224802	3.462457	1.480128
10134	-898.9746	-1128.197	229.2221	1.421121	6.545116	0.8117354
10140	-898.8689	-1127.604	228.7349	1.487144	6.545116	1.230217
10146	-895.3542	-1124.784	229.4297	1.34947	4.32764	1.254908
10152	-888.7241	-1118.224	229.5003	1.439597	4.314391	1.119553
10158	-901.1659	-1130.234	229.0685	1.57586	5.96473	0.9657089
10164	-901.3349	-1130.598	229.2634	1.49243	6.299646	0.7311688
10170	-895.0214	-1124.456	229.4344	1.369305	5.191903	1.005319
10176	-903.9821	-1132.868	228.8861	1.484162	7.580565	0.8784405
10182	-894.6286	-1123.7	229.0716	1.170751	6.536283	1.214725
10188	-888.0956	-1117.571	229.4757	1.250683	5.112263	1.099795
10194	-891.7422	-1120.374	228.6319	1.708562	7.405503	0.9501136
10200	-889.7316	-1118.533	228.8015	0.909605	5.795561	1.750488
10206	-890.9453	-1119.868	228.9226	1.131883	5.795561	1.502401
10212	-897.4655	-1126.375	228.91	1.108567	9.032192	0.9699755
10218	-880.0937	-1108.765	228.6717	1.326712	9.032192	0.9905066
10224	-898.6923	-1128.158	229.4657	1.29791	4.162298	1.311131
10230	-895.3878	-1124.204	228.8165	1.409409	5.001466	1.530745
10236	-892.9228	-1122.526	229.6028	1.079726	4.52912	1.283175
10242	-891.8317	-1120.747	228.9154	1.067521	4.162533	1.882229
10248	-889.4525	-1119.118	229.6657	1.053038	4.648695	1.223064
10254	-884.8516	-1113.614	228.7629	1.129364	5.7058	1.637885
10260	-889.9456	-1119.156	229.2102	1.066298	5.702307	1.349298
10266	-885.0451	-1113.873	228.8284	1.265093	6.115795	1.413508
10272	-887.458	-1115.955	228.4973	1.289628	7.524952	1.413508
10278	-888.6331	-1117.912	229.2788	1.181948	4.722571	1.413508
10284	-879.6976	-1108.548	228.8503	1.199413	6.18476	1.434712
10290	-884.5658	-1113.414	228.848	1.258204	6.105773	1.405488
10296	-882.6288	-1111.841	229.2122	1.473542	4.794921	1.214575
10302	-889.3832	-1118.73	229.3471	1.251056	4.930042	1.255615
10308	-890.6994	-1120.079	229.3798	1.169244	4.609724	1.370754
10314	-884.4176	-1113.539	229.1217	1.385477	6.526829	0.9718721
10320	-884.7673	-1114.091	229.3242	1.305279	6.001948	0.9718721
10326	-878.8906	-1108.228	229.3375	1.439051	6.001948	0.8026135
10332	-880.3457	-1109.617	229.2717	1.45117	6.329414	0.7702953
10338	-881.63	-1111.037	229.4071	1.547651	5.613098	0.6756319
10344	-889.0679	-1118.397	229.329	1.41567	5.607752	0.9537027
10350	-880.0361	-1109.283	229.2469	1.460876	5.754071	0.9537027
10356	-877.9632	-1106.859	228.8954	1.233041	7.552774	1.126477
10362	-886.4567	-1115.29	228.8337	1.508047	6.751862	1.084333
10368	-890.2394	-1119.49	229.2502	1.755699	5.568809	0.5756931
10374	-889.8122	-1118.907	229.095	1.962523	5.401653	0.4673962
10380	-893.3466	-1122.211	228.8646	1.83137	6.934358	0.4798466
10386	-899.409	-1128.478	229.0687	1.596513	7.079412	0.4798466
10392	-898.3748	-1126.311	227.9365	2.010589	11.18624	0.4280043
10398	-895.7581	-1123.824	228.0662	1.658001	12.51216	0.6812699
10404	-888.6493	-1117.769	229.1195	1.53816	6.829782	0.6968589
10410	-880.2844	-1109.06	228.7759	1.272015	9.051341	0.9356874
10416	-887.1813	-1115.794	228.6125	1.374679	6.899816	1.358155
10422	-889.4556	-1118.826	229.3706	1.251394	5.795087	1.029884
10428	-883.6142	-1113.1	229.4855	1.136626	5.794608	1.029884
10434	-896.555	-1125.256	228.7008	1.093802	5.95035	1.664614
10440	-907.2683	-1136.171	228.9027	1.269689	6.928314	1.201008
10446	-890.3604	-1119.418	229.0577	1.270998	6.085118	1.230016
10452	-885.93	-1115.201	229.2712	1.240651	4.747512	1.367859
10458	-893.33	-1122.409	229.0789	1.211283	6.671661	1.147086
10464	-884.0099	-1113.316	229.3057	1.492964	6.20284	0.6973994
10470	-879.5338	-1108.041	228.5067	1.271471	8.203356	1.317175
10476	-888.1563	-1116.943	228.787	1.197731	7.717429	1.223306
10482	-891.7428	-1120.372	228.6292	1.279627	5.277804	1.705369
10488	-885.2191	-1114.382	229.1632	1.266582	5.277804	1.31493
10494	-880.7112	-1110.019	229.3075	1.168333	5.237	1.28639
10500	-893.3714	-1122.56	229.1887	1.152452	3.643407	1.758269
10506	-901.2907	-1130.145	228.854	0.9889386	6.449111	1.544347
10512	-903.5363	-1132.598	229.0617	1.021734	4.686027	1.699733
10518	-894.4346	-1123.287	228.8529	1.006314	5.8862	1.629459
10524	-894.3304	-1122.904	228.574	0.9246328	4.732708	2.088153
10530	-907.1159	-1136.189	229.0735	1.063815	6.085356	1.385095
10536	-900.4438	-1129.553	229.1094	1.370207	7.063451	0.8742892
10542	-891.7442	-1120.58	228.836	1.584713	7.898857	0.7286125
10548	-902.3487	-1130.822	228.4737	1.380286	10.20257	0.9425564
10554	-885.7024	-1114.624	228.9219	1.20702	7.900523	1.063467
10560	-893.4383	-1122.301	228.8631	1.381103	7.749415	0.9790751
10566	-886.4122	-1115.401	228.9889	1.314569	6.69975	1.129704
10572	-883.9216	-1112.876	228.9542	1.161902	6.69975	1.289568
10578	-896.3857	-1125.002	228.6163	1.496001	9.318809	0.8066034
10584	-900.5562	-1129.535	228.9789	1.583309	7.165944	0.7366341
10590	-898.5602	-1127.493	228.9324	1.42119	7.975475	0.8043245
10596	-895.212	-1124.539	229.3269	1.464735	5.904216	0.814064
10602	-884.3914	-1113.725	229.3332	1.515736	5.904216	0.7328697
10608	-881.3717	-1110.419	229.0468	1.516545	5.286818	1.202023
10614	-879.5695	-1108.815	229.2457	1.433823	5.672835	1.003428
10620	-888.5713	-1117.062	228.491	1.408554	9.233728	1.053812
10626	-896.9131	-1125.875	228.9618	1.503688	7.472977	0.7859212
10632	-899.2959	-1128.363	229.0669	2.183186	4.298598	0.2878309
10638	-901.7433	-1130.911	229.168	2.183186	4.298598	0.3930275
10644	-903.9496	-1133.026	229.0765	1.609386	6.516534	0.7621472
10650	-895.0381	-1124.049	229.0106	1.720447	6.318462	0.7621472
10656	-898.0353	-1127.078	229.0429	1.761735	6.318462	0.6307417
10662	-892.4743	-1121.859	229.3845	1.58429	5.475813	0.7137298
10668	-900.1209	-1129.293	229.1724	1.788924	5.475813	0.7259353
10674	-881.0784	-1110.205	229.1262	1.432155	6.184315	0.9998937
10680	-894.6679	-1123.718	229.0498	1.43191	6.793085	0.9366462
10686	-891.5093	-1120.75	229.2405	1.446562	5.315839	1.08512
10692	-890.0085	-1118.864	228.855	1.231836	5.390925	1.555297
10698	-882.1623	-1111.287	229.1251	0.9959805	5.980733	1.417255
10704	-901.8228	-1131.075	229.2526	1.430759	5.556242	1.028889
10710	-886.6243	-1115.795	229.1708	1.392819	6.038508	1.028889
10716	-890.0988	-1119.118	229.0196	1.179703	5.750974	1.40037
10722	-884.6572	-1113.372	228.7146	1.198662	5.933976	1.581698
10728	-898.6195	-1127.235	228.6153	1.16843	6.975397	1.502223
10734	-892.8489	-1121.877	229.0284	1.145631	4.426328	1.691214
10740	-897.7969	-1127.422	229.6251	1.013793	3.336071	1.629073
10746	-896.4537	-1125.65	229.1962	1.202819	5.855758	1.217612
10752	-886.6112	-1116.141	229.5296	1.234433	3.967101	1.362573
10758	-885.5731	-1114.353	228.7802	1.4759	6.789926	1.154317
10764	-900.1963	-1129.108	228.9113	1.63869	6.789926	0.8603917
10770	-896.2087	-1125.382	229.1731	1.384158	6.672734	0.8820412
10776	-883.9744	-1112.94	228.9652	1.683154	6.956774	0.6628215
10782	-894.4306	-1123.523	229.0923	1.625708	6.166767	0.8274875
10788	-875.732	-1104.882	229.1505	1.372705	6.625739	0.9316781
10794	-884.5669	-1113.433	228.8661	1.546804	6.7204	1.023209
10800	-888.0575	-1116.675	228.6174	1.531724	9.3894	0.7375469
10806	-893.7493	-1122.054	228.3043	1.349965	10.42894	1.104217
10812	-888.0286	-1116.4	228.3718	1.303948	9.831413	1.16819
10818	-881.8072	-1110.762	228.9547	1.165444	6.409333	1.338873
10824	-898.2023	-1126.878	228.6753	1.117494	7.398927	1.428541
10830	-902.3091	-1131.413	229.1036	0.9812116	7.398927	1.192045
10836	-890.3722	-1118.878	228.5058	1.229069	7.398927	1.472719
10842	-881.4974	-1110.28	228.7822	1.221431	7.869168	1.181899
10848	-885.8702	-1114.787	228.9167	1.168836	5.931572	1.453657
10854	-885.8616	-1114.461	228.5993	1.058219	7.798635	1.471286
10860	-901.0359	-1130.035	228.9994	1.106387	5.250456	1.568841
10866	-899.6908	-1129.1	229.4092	1.20114	3.759145	1.535024
10872	-897.7323	-1127.292	229.5598	1.253475	4.45809	1.191621
10878	-877.9904	-1107.386	229.3954	1.262134	4.987832	1.191621
10884	-895.337	-1124.498	229.161	1.077265	6.082064	1.305339
10890	-907.7278	-1136.019	228.2913	1.165958	4.80222	2.102036
10896	-899.4956	-1128.653	229.1571	1.217182	4.891622	1.442347
10902	-884.6018	-1113.434	228.8324	1.207435	8.287607	1.07868
10908	-891.5639	-1121.199	229.6348	1.15071	4.662207	1.16211
10914	-883.3382	-1112.274	228.936	0.9977325	4.320928	1.881061
10920	-892.8125	-1120.605	227.7928	0.9740143	6.455917	2.275385
10926	-900.5049	-1130.192	229.687	1.08055	3.791759	1.407203
10932	-895.9798	-1124.984	229.0044	1.351559	4.86192	1.462798
10938	-894.7074	-1123.617	228.9093	1.286799	4.86192	1.581869
10944	-888.3293	-1117.594	229.2646	0.7877886	4.934684	1.670582
10950	-890.176	-1119.057	228.8809	0.9522059	5.753731	1.67171
10956	-900.2556	-1128.831	228.5751	0.8549366	6.233821	1.871731
10962	-892.7342	-1121.524	228.7902	1.098814	8.659044	1.154378
10968	-893.4839	-1122.436	228.9523	1.432779	6.218333	1.154378
10974	-904.2715	-1133.404	229.1329	1.035787	4.439848	1.692091
10980	-897.9562	-1127.133	229.1767	1.275588	4.975129	1.36328
10986	-894.4004	-1122.91	228.5097	1.12933	5.830895	1.794634
10992	-893.371	-1122.345	228.9738	1.326524	5.008595	1.473425
10998	-891.738	-1120.711	228.9726	1.287954	7.697343	0.972787
11004	-897.786	-1126.964	229.178	1.173134	3.327898	1.833687
11010	-883.9329	-1112.399	228.4657	1.094008	8.137055	1.496404
11016	-890.5707	-1119.364	228.7938	1.161956	8.437784	1.130392
11022	-885.5553	-1114.422	228.8665	1.369375	7.663612	1.004495
11028	-883.7126	-1112.75	229.0373	1.20697	6.751379	1.172002
11034	-881.641	-1110.792	229.1511	1.198397	7.230027	0.9780734
11040	-874.496	-1103.059	228.5628	1.183161	7.230027	1.490491
11046	-877.7067	-1106.916	229.209	1.282884	6.044599	1.095319
11052	-885.9674	-1115.128	229.1602	1.263922	7.111899	0.9253147
11058	-886.7101	-1115.856	229.1455	1.205098	5.980469	1.232756
11064	-890.0019	-1119.245	229.2432	1.632585	6.093516	0.5771717
11070	-898.2342	-1127.217	228.9824	1.265077	5.609657	1.390624
11076	-891.1279	-1119.913	228.7849	1.267725	6.41798	1.390624
11082	-898.4387	-1127.535	229.0965	1.269088	5.425226	1.335072
11088	-896.7726	-1125.765	228.9926	1.078266	6.303091	1.397015
11094	-898.9594	-1127.156	228.1966	1.151847	6.559137	1.87657
11100	-910.2059	-1139.681	229.4749	1.236786	4.677047	1.221871
11106	-904.7514	-1134.067	229.3155	1.122372	5.684771	1.220769
11112	-896.8715	-1126.124	229.2529	1.239552	4.284022	1.491577
11118	-909.6673	-1138.554	228.8863	0.8634424	4.178629	2.035282
11124	-902.7292	-1131.909	229.18	0.8771847	4.611392	1.733953
11130	-901.4483	-1130.091	228.6427	1.464223	8.177714	1.034321
11136	-898.7572	-1127.328	228.5708	1.534365	8.18735	1.034321
11142	-902.3588	-1131.037	228.6782	1.50018	7.964349	1.003688
11148	-899.1589	-1128.553	229.3938	1.44476	5.477636	0.8876452
11154	-900.5358	-1129.738	229.2018	1.502236	5.555621	1.008757
11160	-886.7152	-1115.729	229.0137	1.561633	6.075365	1.008757
11166	-885.5761	-1115.022	229.4456	1.120925	4.337438	1.422267
11172	-891.5229	-1121.068	229.5448	1.489876	3.920658	1.150627
11178	-882.2614	-1111.574	229.3125	1.389402	5.445384	1.03876
11184	-878.6793	-1108.029	229.3499	1.294675	5.228393	1.144993
11190	-894.8063	-1124.239	229.4324	1.304961	5.228393	1.059993
11196	-899.3289	-1128.791	229.4618	1.213233	5.164106	1.133395
11202	-886.6341	-1115.363	228.7292	1.364736	7.974147	1.083025
11208	-898.637	-1128.316	229.6795	1.203661	2.767789	1.624994
11214	-914.6348	-1143.655	229.0201	1.271614	5.295329	1.420072
11220	-904.6823	-1134.093	229.4109	1.328944	5.31395	1.035694
11226	-901.7867	-1130.031	228.2446	1.279672	8.341177	1.494601
11232	-899.5013	-1128.632	229.1303	1.351722	4.036298	1.559388
11238	-896.036	-1124.584	228.5483	1.131955	6.696751	1.622685
11244	-899.0203	-1127.119	228.0985	0.8150384	5.18896	2.382123
11250	-900.4273	-1129.168	228.7407	1.011348	4.497564	1.966715
11256	-887.2366	-1115.992	228.7554	1.167457	5.514809	1.65092
11262	-903.0222	-1132.02	228.9982	0.9070878	5.582947	1.65092
11268	-898.0363	-1126.61	228.5733	1.164941	4.33113	2.010482
11274	-896.8609	-1125.228	228.3672	1.119785	5.862763	1.893503
11280	-892.8383	-1122.076	229.2372	1.119785	5.840011	1.256095
11286	-893.2433	-1122.336	229.0927	1.084518	5.628137	1.441287
11292	-894.4815	-1123.337	228.855	1.371953	5.43551	1.441287
11298	-889.1355	-1117.712	228.5767	1.236707	8.284901	1.276191
11304	-903.8407	-1132.284	228.4437	1.54485	9.491673	0.9198428
11310	-902.3932	-1132.067	229.6736	1.180065	4.712669	1.087314
11316	-891.5696	-1120.471	228.9016	1.352306	6.562578	1.199818
11322	-882.3995	-1111.638	229.2386	1.223407	5.302319	1.28336
11328	-887.6391	-1116.534	228.8947	1.24949	6.212071	1.356036
11334	-884.8991	-1113.79	228.8909	1.13734	5.678461	1.543754
11340	-879.5711	-1108.12	228.549	1.194708	6.806412	1.558977
11346	-872.2478	-1101.481	229.2329	0.9373273	4.789158	1.615929
11352	-883.4465	-1112.142	228.6952	1.117273	7.82872	1.346652
11358	-883.1999	-1112.644	229.4438	1.262675	4.335419	1.312469
11364	-898.1993	-1126.915	228.716	1.055396	6.324718	1.617525
11370	-891.933	-1121.23	229.2973	0.9287485	4.593023	1.617525
11376	-888.5793	-1117.446	228.8665	1.080631	4.774479	1.777212
11382	-884.9518	-1114.273	229.3213	1.080631	4.646023	1.475787
11388	-890.8456	-1118.922	228.0768	1.309377	8.930418	1.519353
11394	-878.0162	-1107.114	229.0978	1.18078	5.6165	1.364868
11400	-879.678	-1109.25	229.5723	1.113305	4.230279	1.355904
11406	-889.3583	-1118.631	229.2727	1.068468	5.272413	1.386367
11412	-900.0025	-1129.175	229.1727	1.359841	5.844413	1.102694
11418	-892.8948	-1122.664	229.7695	1.255596	4.082233	1.110439
11424	-899.4791	-1128.644	229.1649	1.171894	5.38933	1.365368
11430	-891.5283	-1120.775	229.2466	1.220707	5.531381	1.228999
11436	-897.2493	-1125.954	228.7043	1.309818	6.358903	1.430934
11442	-895.9072	-1124.471	228.5633	1.532608	8.123182	1.054724
11448	-900.5876	-1129.886	229.2981	1.532608	5.357309	0.9314704
11454	-897.0289	-1126.423	229.3938	1.585584	5.08197	0.8466206
11460	-889.2814	-1118.669	229.388	1.585584	5.08197	0.8537201
11466	-891.1306	-1120.551	229.4203	1.375456	5.758845	0.8537201
11472	-875.7673	-1105.522	229.7546	1.357791	4.148108	1.007141
11478	-882.4448	-1111.668	229.223	1.263646	5.584578	1.200902
11484	-890.5997	-1119.747	229.1472	1.403291	5.906534	1.07193
11490	-887.3713	-1116.19	228.8183	1.639473	7.134559	0.88233
11496	-890.5588	-1119.361	228.8022	1.645579	7.012024	0.9225434
11502	-894.8944	-1123.902	229.0078	1.524478	5.930031	1.083519
11508	-889.9728	-1119.043	229.0703	1.696359	5.930031	0.837699
11514	-888.2706	-1117.477	229.2066	1.491412	5.930031	0.9175683
11520	-880.4019	-1109.764	229.3617	1.419804	5.2413	1.014081
11526	-883.6803	-1112.686	229.0057	1.554272	7.264247	0.7071221
11532	-892.3701	-1121.275	228.9046	1.518242	7.371351	0.8661339
11538	-896.7916	-1126.235	229.4431	1.486028	4.043609	1.206248
11544	-885.2461	-1114.695	229.4485	1.480628	4.043609	1.206248
11550	-885.1859	-1115.189	230.0028	1.400856	3.438506	0.9652348
11556	-892.6822	-1121.657	228.9749	1.367019	6.540598	1.126995
11562	-895.8766	-1124.821	228.9446	1.083289	5.70649	1.538761
11568	-904.1297	-1132.89	228.7604	1.179153	4.869781	1.763271
11574	-905.051	-1134.066	229.0153	1.598306	6.939254	0.7309617
11580	-900.1293	-1129.034	228.905	1.590731	6.939254	0.8862561
11586	-892.605	-1121.768	229.1632	1.287055	6.939254	0.9366271
11592	-888.3263	-1117.679	229.3529	1.411176	5.309547	1.013169
11598	-889.0721	-1117.811	228.7394	1.025248	5.966235	1.683226
11604	-891.1785	-1119.983	228.8044	1.078756	5.493712	1.683226
11610	-893.2397	-1122.718	229.4786	1.05697	4.311791	1.45222
11616	-908.7255	-1137.622	228.896	1.081753	6.396112	1.45222
11622	-896.07	-1125.609	229.539	1.10743	3.973054	1.45222
11628	-899.1875	-1128.315	229.127	1.10743	3.973054	1.752097
11634	-888.419	-1117.454	229.0351	1.361967	6.175831	1.152599
11640	-899.2282	-1127.957	228.7291	1.162119	8.918332	1.111613
11646	-889.9345	-1118.777	228.8425	1.427364	8.170185	0.8630407
11652	-884.5737	-1113.415	228.8413	1.210088	8.458968	1.037977
11658	-890.0576	-1119.255	229.197	1.397898	6.880975	0.7773478
11664	-893.5762	-1122.696	229.1198	1.081221	5.718392	1.405365
11670	-899.4949	-1128.499	229.0038	1.222954	5.718392	1.385306
11676	-890.1136	-1119.081	228.9672	1.496811	6.002898	1.129733
11682	-871.6291	-1101.003	229.3738	1.09023	6.002898	1.129733
11688	-870.0115	-1098.989	228.9778	1.42818	6.247374	1.129733
11694	-886.2047	-1115.944	229.7394	1.221971	4.158312	1.145275
11700	-898.2677	-1126.833	228.5655	1.152873	5.593547	1.780979
11706	-896.493	-1124.562	228.0687	0.9958545	6.354745	2.097373
11712	-887.1341	-1116.718	229.5842	1.400928	4.069544	1.150047
11718	-882.0844	-1110.963	228.8788	1.233099	4.88352	1.638437
11724	-877.744	-1106.42	228.6762	0.9723611	5.319191	1.878301
11730	-887.5523	-1116.352	228.7993	0.965158	4.898698	1.878301
11736	-896.5964	-1125.591	228.9946	0.9789942	4.208912	1.878301
11742	-892.3898	-1121.243	228.8527	1.062133	4.394027	1.878301
11748	-888.0413	-1117.281	229.2398	0.9873472	5.05771	1.518124
11754	-890.9501	-1119.857	228.9071	1.087593	6.666356	1.392245
11760	-882.2641	-1111.385	229.1208	1.133867	4.793851	1.55326
11766	-880.651	-1109.669	229.0184	0.9706112	5.811174	1.548229
11772	-887.6084	-1116.948	229.3397	1.13729	4.097073	1.548229
11778	-891.0546	-1120.01	228.955	0.9732767	5.082187	1.729288
11784	-891.1091	-1120.205	229.0956	1.279158	7.564824	0.8769271
11790	-892.6996	-1122.258	229.5582	1.553212	5.03279	0.671904
11796	-891.2393	-1120.728	229.4888	1.783502	4.255641	0.7856096
11802	-904.3292	-1133.419	229.0901	1.299324	5.674682	1.263441
11808	-895.4535	-1124.867	229.4138	1.475475	4.979343	0.9782963
11814	-892.4487	-1121.478	229.0293	1.475475	5.746751	1.149413
11820	-894.7103	-1123.824	229.1132	1.494932	6.66387	0.8229266
11826	-903.5109	-1132.079	228.5686	1.099963	6.66387	1.636371
11832	-900.4155	-1129.647	229.231	1.121107	6.137047	1.199647
11838	-889.3046	-1118.822	229.5177	1.067457	3.444891	1.637607
11844	-886.3172	-1115.034	228.7168	0.9133045	5.555234	1.848632
11850	-883.7007	-1112.679	228.9783	1.145964	3.88738	1.848632
11856	-882.8919	-1111.629	228.7371	1.120294	4.727603	1.848632
11862	-895.383	-1123.796	228.4134	1.08791	6.542279	1.773921
11868	-895.329	-1124.187	228.8584	1.153173	4.661033	1.755491
11874	-892.5745	-1121.939	229.3646	1.185215	4.881212	1.306653
11880	-895.3048	-1125.14	229.8354	1.518664	3.767221	0.8881383
11886	-893.373	-1122.854	229.4806	1.588336	4.485061	0.9422536
11892	-900.3226	-1129.475	229.1524	1.566738	4.924183	1.153595
11898	-894.1234	-1123.132	229.0087	1.473275	5.436485	1.237403
11904	-891.5632	-1120.591	229.0277	1.185705	5.325014	1.473844
11910	-902.8645	-1131.885	229.0205	1.175982	6.151591	1.325722
11916	-888.7911	-1117.954	229.1633	1.401489	4.747674	1.325722
11922	-884.1171	-1113.26	229.1427	1.3444	4.850815	1.363784
11928	-888.0517	-1117.028	228.9761	0.9834866	5.180781	1.688009
11934	-892.8968	-1121.802	228.9054	0.9155145	4.8031	1.8585
11940	-890.4175	-1119.723	229.3059	1.414782	5.171138	1.090129
11946	-883.6942	-1112.839	229.1449	1.362089	6.004892	1.090129
11952	-886.545	-1115.893	229.3481	1.477594	5.007632	1.033665
11958	-889.5419	-1119.267	229.7255	1.163255	3.434864	1.414446
11964	-879.6089	-1108.755	229.1456	1.197634	4.878555	1.468803
11970	-887.2082	-1116.571	229.3629	1.061892	5.2437	1.326318
11976	-884.3211	-1113.269	228.9474	1.359212	5.645499	1.336779
11982	-887.5522	-1116.949	229.3968	1.417746	4.51728	1.174839
11988	-889.5689	-1118.715	229.146	1.386867	7.194225	0.7714636
11994	-894.8509	-1124.546	229.6951	1.428301	4.286192	0.9503411
12000	-877.7069	-1107.094	229.3869	1.368165	5.183793	1.054669
12006	-887.1375	-1116.513	229.3752	1.250504	3.957757	1.471971
12012	-880.6684	-1109.843	229.1748	1.06301	5.243394	1.471905
12018	-903.1736	-1132.435	229.2616	1.061564	4.452016	1.578087
12024	-887.4803	-1116.952	229.4716	1.178783	4.452016	1.328322
12030	-898.7298	-1127.922	229.1919	1.134986	4.452016	1.57532
12036	-893.947	-1123.231	229.284	1.057031	5.796907	1.278113
12042	-884.8993	-1113.986	229.0869	0.964937	4.527269	1.755486
12048	-886.2336	-1115.316	229.0828	0.9291833	5.084817	1.669421
12054	-889.3654	-1118.594	229.2289	0.6455693	3.63051	2.077329
12060	-888.9426	-1117.648	228.705	0.7376705	6.281306	1.855533
12066	-886.5923	-1115.644	229.0512	0.90138	6.963742	1.374659
12072	-903.6355	-1132.444	228.8087	1.081177	5.220522	1.729663
12078	-896.5948	-1125.042	228.4469	1.17721	5.220522	1.912868
12084	-887.9039	-1117.32	229.4161	1.221862	4.35508	1.36218
12090	-894.4401	-1123.496	229.0563	0.9817299	5.960833	1.484272
12096	-897.4544	-1126.344	228.8892	1.227774	5.960833	1.424149
12102	-891.1105	-1120.002	228.8915	1.227774	6.973635	1.237822
12108	-881.0938	-1110.3	229.2058	1.041737	5.580197	1.396518
12114	-883.55	-1112.804	229.254	0.8986894	4.313336	1.731312
12120	-887.3657	-1115.83	228.4647	1.247288	6.139013	1.69117
12126	-887.7592	-1116.622	228.8632	1.184515	4.849749	1.69117
12132	-905.192	-1134.523	229.3305	1.272315	4.325426	1.397103
12138	-897.8407	-1126.97	229.1297	1.186358	5.980987	1.26149
12144	-896.1804	-1124.517	228.337	1.159458	8.46434	1.498639
12150	-895.5625	-1125.169	229.6067	1.495362	4.686468	0.8349
12156	-898.1348	-1126.947	228.8117	1.616285	7.47324	0.8349
12162	-883.8682	-1112.617	228.7491	1.537762	8.281387	0.8164981
12168	-882.5871	-1111.944	229.3564	1.481576	5.254278	0.9529963
12174	-885.1242	-1113.957	228.8331	1.29486	7.391618	1.155796
12180	-881.2676	-1110.752	229.4847	1.115135	4.832467	1.277269
12186	-881.7911	-1110.296	228.505	1.296745	8.498869	1.253573
12192	-880.1317	-1109.106	228.9742	1.221232	8.498869	0.8795946
12198	-881.2606	-1110.433	229.1725	1.069643	5.732701	1.370426
12204	-872.0184	-1100.595	228.5769	1.46986	8.130229	1.099344
12210	-882.7288	-1111.619	228.89	1.089203	9.214771	0.9785114
12216	-879.9466	-1108.594	228.6471	1.157043	9.214771	1.144285
12222	-888.1431	-1117.018	228.8744	1.402963	7.668865	0.9611861
12228	-885.3509	-1114.537	229.1865	1.340593	5.900349	1.095036
12234	-881.2017	-1110.167	228.965	1.215632	6.145521	1.339524
12240	-882.411	-1111.03	228.6188	1.036534	5.560661	1.830376
12246	-887.5595	-1116.341	228.7817	0.9574714	5.242116	1.830376
12252	-880.8062	-1109.415	228.6089	1.115172	4.360735	2.013733
12258	-886.9592	-1116.527	229.5678	1.080304	3.448836	1.590879
12264	-879.6807	-1108.607	228.9268	1.374669	5.963456	1.277086
12270	-874.1466	-1103.629	229.4824	1.39103	5.261813	0.9126444
12276	-885.3822	-1114.699	229.3172	1.172947	5.16341	1.291071
12282	-883.6086	-1112.655	229.0468	1.013979	5.16341	1.618844
12288	-883.8406	-1113.248	229.4072	1.161355	4.933853	1.279157
12294	-890.0013	-1119.624	229.623	1.494003	4.21174	0.9817054
12300	-880.7062	-1109.654	228.9476	1.217718	6.119916	1.356573
12306	-884.3424	-1113.539	229.1967	1.213618	6.963231	0.9731738
12312	-893.3906	-1122.339	228.9486	1.271003	5.919334	1.351767
12318	-898.18	-1127.469	229.289	1.329948	4.75275	1.280598
12324	-901.511	-1130.827	229.3156	1.1713	5.298921	1.263608
12330	-891.9914	-1120.811	228.8193	1.172175	5.227717	1.656144
12336	-889.7037	-1118.434	228.7298	1.375052	6.09965	1.407662
12342	-903.7021	-1131.656	227.9542	1.129577	6.822314	2.015678
12348	-900.6407	-1128.772	228.1311	1.331856	5.249686	2.015678
12354	-890.9309	-1120.403	229.4716	1.23614	4.394335	1.296433
12360	-886.1734	-1114.909	228.7353	1.394661	7.030046	1.218758
12366	-892.8451	-1121.649	228.8037	1.160028	9.636407	0.9210922
12372	-876.5926	-1105.427	228.8348	1.364065	8.217304	0.9332125
12378	-894.2745	-1123.077	228.8028	1.407836	8.154227	0.9332125
12384	-901.0764	-1130.172	229.0953	1.287179	4.3084	1.567499
12390	-894.2635	-1123.017	228.754	1.051661	4.3084	1.970245
12396	-893.8756	-1122.932	229.0563	1.330996	4.3084	1.563967
12402	-895.0839	-1124.73	229.6462	1.403912	4.3791	0.9956707
12408	-894.1467	-1123.619	229.4724	1.459196	4.494499	1.075731
12414	-896.6512	-1126.321	229.6698	1.360241	4.182066	1.075731
12420	-897.4529	-1126.493	229.0406	1.399312	6.97057	0.940541
12426	-902.1938	-1131.566	229.3725	1.390196	4.535388	1.214705
12432	-904.3413	-1133.532	229.1905	1.16327	5.106612	1.411704
12438	-887.6062	-1116.806	229.1995	1.168691	5.054421	1.411704
12444	-893.1489	-1122.486	229.3373	1.082351	5.054421	1.371543
12450	-900.9884	-1130.452	229.4634	0.8471278	4.965577	1.474895
12456	-884.6925	-1113.742	229.0498	1.264402	4.646201	1.54139
12462	-877.3292	-1106.127	228.7977	1.123952	4.889189	1.771876
12468	-887.7178	-1115.9	228.1817	1.098537	5.761968	2.04879
12474	-892.4993	-1122.153	229.6535	0.9277896	4.45888	1.38142
12480	-893.1183	-1121.972	228.8537	1.237012	4.45888	1.742913
12486	-881.9397	-1110.874	228.9347	1.058645	4.45888	1.810697
12492	-889.5398	-1118.296	228.7558	0.8548848	3.544017	2.269341
12498	-889.4626	-1117.767	228.3039	1.072172	4.416248	2.230058
12504	-898.6538	-1127.594	228.9404	1.316754	5.311062	1.443396
12510	-892.8703	-1122.099	229.2286	1.110028	4.392965	1.580151
12516	-886.1379	-1115.25	229.1116	1.069754	5.419672	1.479126
12522	-875.7359	-1104.888	229.1525	1.289521	6.29494	1.086781
12528	-893.3971	-1122.241	228.8438	1.485425	8.674755	0.6302596
12534	-888.4561	-1117.358	228.9015	1.61803	7.452142	0.7106977
12540	-885.8877	-1115.199	229.3114	1.293139	5.161302	1.195844
12546	-885.0663	-1114.741	229.6745	1.21136	5.161302	0.9288334
12552	-886.7085	-1116.309	229.6009	1.477138	5.021918	0.7349334
12558	-875.1816	-1104.382	229.2002	1.467467	6.679177	0.7349334
12564	-879.5501	-1108.608	229.0581	1.375365	6.202541	1.11438
12570	-883.7932	-1112.681	228.8874	1.332834	6.848959	1.174522
12576	-891.1734	-1121.009	229.8355	1.363504	3.959881	0.9830992
12582	-894.4022	-1123.248	228.8455	1.469464	6.42662	1.173634
12588	-890.379	-1119.239	228.8598	1.217274	7.024684	1.26396
12594	-890.12	-1119.731	229.6105	1.300465	4.380378	1.126978
12600	-897.1071	-1126.209	229.1014	1.242885	5.06983	1.426867
12606	-884.2982	-1113.375	229.0763	1.399232	6.637871	0.9788471
12612	-885.3594	-1114.386	229.0266	1.465403	5.522134	1.210119
12618	-885.5445	-1114.703	229.1583	1.55004	6.017745	0.8819847
12624	-894.8618	-1124.281	229.419	1.261835	4.483041	1.296005
12630	-892.4819	-1121.814	229.3322	1.314362	3.886553	1.474546
12636	-895.306	-1124.346	229.0399	1.273828	7.009601	1.05858
12642	-897.9203	-1127.243	229.3226	1.404094	5.273848	1.05858
12648	-906.6044	-1135.793	229.1885	1.68114	5.448831	0.8601353
12654	-897.7503	-1127.143	229.3927	1.44026	5.111103	0.9981446
12660	-895.1379	-1124.537	229.3995	1.414914	4.644796	1.141129
12666	-908.3211	-1137.385	229.064	1.454987	5.93991	1.093618
12672	-907.357	-1136.473	229.1162	1.640341	6.129571	0.7885229
12678	-892.6911	-1121.725	229.0342	1.411088	7.184593	0.8847817
12684	-894.0527	-1123.753	229.7004	1.470921	4.110725	0.9597062
12690	-899.1563	-1128.136	228.9798	1.735012	6.80015	0.5779356
12696	-892.1697	-1121.228	229.0578	1.641878	6.663186	0.6867606
12702	-885.4869	-1114.133	228.6459	1.507314	9.610036	0.667332
12708	-892.207	-1121.537	229.3302	1.382046	5.892478	0.9119249
12714	-884.6466	-1114.09	229.4434	1.519847	5.426664	0.7429939
12720	-890.0741	-1118.949	228.8754	1.658624	7.724754	0.5247775
12726	-879.9128	-1109.333	229.4201	1.648608	4.744512	0.8548372
12732	-885.8306	-1114.679	228.8483	1.478302	7.802941	0.8784473
12738	-897.0521	-1126.091	229.0388	1.482204	6.853162	0.8784473
12744	-899.5325	-1128.884	229.3517	1.55124	5.515541	0.7961627
12750	-907.6172	-1137.011	229.3936	1.446413	5.203522	0.9652325
12756	-901.9768	-1131.087	229.1106	1.478549	5.823938	1.054615
12762	-891.9151	-1121.23	229.3152	1.56652	5.331031	0.8823125
12768	-905.2299	-1134.284	229.0538	1.360785	5.076568	1.37071
12774	-877.1458	-1106.049	228.9032	1.336995	6.5515	1.213636
12780	-885.8532	-1114.725	228.8719	1.285646	6.928521	1.213636
12786	-883.4085	-1112.546	229.1371	1.277753	4.698931	1.454059
12792	-891.4047	-1120.433	229.028	1.097668	5.79373	1.44892
12798	-885.0621	-1114.388	229.3263	1.244921	5.19523	1.21639
12804	-881.2294	-1110.236	229.0064	1.290276	6.216984	1.230774
12810	-884.5828	-1113.795	229.2123	1.290276	5.422233	1.223195
12816	-878.4542	-1107.701	229.2472	1.312987	5.406406	1.177342
12822	-883.1638	-1112.457	229.2929	1.312987	5.235044	1.177342
12828	-883.6651	-1112.634	228.9691	1.160094	5.235044	1.554688
12834	-901.3769	-1130.252	228.8749	1.344979	7.083403	1.130656
12840	-898.5593	-1127.517	228.9576	1.166728	7.279955	1.178843
12846	-895.7988	-1124.531	228.7322	1.232018	8.094924	1.178843
12852	-889.8052	-1119.212	229.4072	1.199182	5.233281	1.177348
12858	-880.4451	-1109.513	229.0679	1.267247	5.221788	1.401775
12864	-884.5351	-1113.812	229.2766	1.209925	5.654256	1.185811
12870	-886.3411	-1115.066	228.7246	1.051597	5.398354	1.775957
12876	-881.8022	-1110.996	229.1933	1.204351	4.193874	1.583286
12882	-892.7545	-1121.661	228.9069	1.214834	5.119387	1.583286
12888	-906.5853	-1135.483	228.8972	1.140046	5.917573	1.492771
12894	-901.3752	-1130.827	229.4519	1.231267	4.869232	1.19847
12900	-901.7328	-1130.916	229.1835	1.263068	5.754281	1.19847
12906	-879.2284	-1108.665	229.4364	1.193232	5.059066	1.19847
12912	-890.9491	-1120.3	229.3506	1.427228	5.059066	1.065671
12918	-886.0171	-1115.249	229.2317	1.56594	5.55194	0.9120689
12924	-892.3897	-1121.502	229.1126	1.59296	5.893835	0.9189757
12930	-890.4909	-1120.255	229.7641	1.428995	4.074114	0.949511
12936	-892.8451	-1121.929	229.0837	1.438119	6.948186	0.853277
12942	-886.3746	-1115.591	229.2162	1.471602	5.630234	1.00595
12948	-877.2511	-1106.196	228.9454	1.395072	7.045284	1.02561
12954	-876.6161	-1105.687	229.0708	1.450357	6.23187	1.02561
12960	-886.3322	-1115.098	228.7659	1.044921	5.788577	1.681348
12966	-889.5673	-1118.862	229.2951	1.291224	6.056888	1.002191
12972	-879.794	-1109.101	229.3069	1.301334	5.670541	1.072794
12978	-879.419	-1108.421	229.0024	1.349641	6.770379	1.070998
12984	-884.6455	-1113.57	228.9244	1.173697	7.84288	1.102386
12990	-882.2135	-1111.271	229.0579	1.353777	6.101878	1.155142
12996	-889.2649	-1118.24	228.9752	1.403373	4.479309	1.531017
13002	-892.9319	-1122.393	229.4613	1.354959	4.479309	1.183409
13008	-890.9048	-1120.023	229.1184	1.486121	5.088828	1.21287
13014	-883.3835	-1111.996	228.6121	1.80601	7.847262	0.74805
13020	-892.6289	-1121.556	228.9268	1.315752	7.459912	1.037695
13026	-880.2085	-1108.862	228.6536	1.218504	6.16888	1.570594
13032	-891.3236	-1120.878	229.5542	1.175371	3.907179	1.405559
13038	-888.3328	-1117.209	228.8765	1.263456	5.965054	1.405559
13044	-886.5134	-1115.35	228.8362	1.519509	6.698963	1.082182
13050	-888.5825	-1117.447	228.8644	1.287003	5.136095	1.558211
13056	-886.7068	-1115.726	229.0192	1.235744	6.591657	1.193401
13062	-890.393	-1119.381	228.9879	1.519522	5.158811	1.277902
13068	-892.0586	-1120.767	228.7084	1.124941	7.980082	1.306572
13074	-892.4951	-1121.668	229.1728	1.095125	4.561609	1.593977
13080	-899.4178	-1128.231	228.8131	1.177401	8.125495	1.15078
13086	-900.6416	-1129.443	228.8015	1.169867	5.720007	1.57792
13092	-889.1824	-1117.811	228.6285	1.206505	7.538171	1.373988
13098	-892.8694	-1121.553	228.6839	1.450345	7.738104	1.087833
13104	-893.7055	-1123.117	229.4119	1.697601	4.920252	0.7305536
13110	-895.2448	-1124.171	228.9264	1.458186	6.069197	1.185574
13116	-895.4694	-1124.416	228.9464	1.440311	6.661318	1.060896
13122	-877.9688	-1107.089	229.1198	1.284974	7.194731	0.9276187
13128	-886.1893	-1114.828	228.6383	1.290796	7.194731	1.354897
13134	-878.8735	-1107.708	228.834	1.226295	7.194731	1.248305
13140	-881.7536	-1110.997	229.2429	1.172198	5.645279	1.248305
13146	-899.3156	-1127.464	228.1486	1.068674	7.094306	1.88689
13152	-891.1793	-1119.917	228.7375	1.34355	7.644761	1.152487
13158	-890.8621	-1120.227	229.3647	1.379735	5.3737	1.015726
13164	-900.9152	-1129.75	228.8347	1.196382	6.30287	1.427808
13170	-899.5262	-1128.571	229.045	1.400256	6.711901	0.9929546
13176	-902.2507	-1131.248	228.9971	1.496905	6.493422	0.9929546
13182	-894.6251	-1124.189	229.5638	1.496905	4.265253	1.020788
13188	-901.3955	-1130.551	229.1556	1.284566	6.608187	1.020788
13194	-887.1915	-1116.371	229.1797	1.499088	5.389913	1.074585
13200	-886.9501	-1116.489	229.5388	1.275816	4.997887	1.046874
13206	-905.5184	-1134.563	229.0447	1.365933	6.619999	1.046874
13212	-888.3579	-1117.687	229.3291	1.157747	3.287433	1.750591
13218	-892.3661	-1121.888	229.5215	1.145635	4.11888	1.398823
13224	-893.3078	-1122.376	229.0677	1.181637	5.648726	1.381411
13230	-900.0401	-1128.873	228.8331	0.7382869	4.782549	2.030476
13236	-901.2334	-1129.336	228.1021	1.083056	5.246871	2.198318
13242	-887.2254	-1115.632	228.4062	1.072165	4.247797	2.198318
13248	-887.2529	-1116.281	229.0283	1.205449	5.791987	1.365412
13254	-882.8486	-1112.476	229.6272	1.244494	4.326987	1.176457
13260	-891.6857	-1120.951	229.2657	1.254663	5.465487	1.198431
13266	-900.0399	-1129.012	228.9723	0.9524804	5.760874	1.604415
13272	-898.1263	-1126.877	228.7504	1.225616	5.558075	1.604545
13278	-899.0085	-1127.802	228.793	1.128464	5.15338	1.720249
13284	-905.5521	-1134.903	229.3507	0.9282103	3.97574	1.720249
13290	-902.8114	-1131.298	228.4862	1.120861	4.214022	2.121646
13296	-893.6623	-1121.854	228.1922	0.8168686	5.5177	2.265757
13302	-901.0369	-1130.005	228.9679	1.268184	4.124197	1.715523
13308	-887.0853	-1116.081	228.996	1.273243	5.956613	1.304707
13314	-897.8835	-1126.686	228.8025	0.974256	5.599691	1.739074
13320	-897.9271	-1127.431	229.5041	1.157568	5.599691	1.039167
13326	-891.5554	-1120.714	229.1581	1.382996	6.536091	0.9340092
13332	-899.6285	-1128.671	229.0425	1.494892	6.973923	0.8272338
13338	-892.8198	-1121.665	228.8449	1.556592	8.129741	0.6867728
13344	-901.9629	-1130.757	228.7939	0.9565708	10.98588	0.9274399
13350	-898.2759	-1126.924	228.6479	1.367682	8.804714	1.012845
13356	-899.5043	-1128.371	228.867	1.343767	7.233958	1.110554
13362	-884.4141	-1113.255	228.8405	1.225795	5.722167	1.507297
13368	-914.7664	-1143.409	228.6423	1.115804	6.971764	1.521955
13374	-893.466	-1122.388	228.9224	1.642248	7.328269	0.6748614
13380	-889.9002	-1118.982	229.0816	1.591033	6.44739	0.8022029
13386	-886.3728	-1115.662	229.2895	1.522033	5.86876	0.7992493
13392	-889.3717	-1118.643	229.2711	1.632111	5.86876	0.6503405
13398	-884.7433	-1113.56	228.8169	1.289161	8.588634	0.9598846
13404	-885.6252	-1113.947	228.3222	1.321409	10.02607	1.169299
13410	-888.8553	-1117.467	228.6121	1.131568	8.164552	1.350592
13416	-890.1496	-1119.462	229.3128	0.9720032	6.091267	1.265429
13422	-883.1693	-1112.019	228.8502	1.079612	5.962695	1.564488
13428	-885.6754	-1114.746	229.071	1.143438	6.685449	1.210239
13434	-899.4273	-1127.987	228.5601	1.257454	9.738882	1.052661
13440	-897.8117	-1126.505	228.6936	1.384054	9.738882	0.7591638
13446	-901.1407	-1130.644	229.5032	1.589928	4.621778	0.8690478
13452	-894.933	-1124.303	229.3704	1.589928	4.712989	0.9839914
13458	-895.5158	-1124.679	229.1631	1.492156	6.477641	0.8158598
13464	-892.2758	-1122.023	229.7476	1.54407	4.086713	0.8322169
13470	-894.224	-1122.952	228.7281	1.542197	7.116646	1.078211
13476	-887.5651	-1116.716	229.151	1.316513	6.325524	1.056268
13482	-898.6255	-1127.464	228.8386	1.614385	7.104517	0.8949829
13488	-882.1913	-1110.391	228.1999	1.712412	11.04019	0.7065112
13494	-894.7324	-1123.691	228.9587	1.548326	7.845772	0.5496964
13500	-886.775	-1116.23	229.4555	1.322117	4.536991	1.20159
13506	-885.4711	-1114.84	229.3692	1.385484	5.737629	0.9074243
13512	-877.7476	-1106.946	229.1984	1.571644	6.274686	0.717598
13518	-878.6282	-1107.324	228.6958	1.666361	8.479025	0.6354777
13524	-879.2438	-1107.345	228.1015	1.818063	11.31214	0.4043616
13530	-888.5214	-1116.777	228.256	2.096176	8.332903	0.3377315
13536	-888.1226	-1117.307	229.1841	1.617144	5.59383	0.8959546
13542	-886.3621	-1115.349	228.9874	1.38936	7.115738	0.9745082
13548	-893.436	-1122.984	229.548	1.370214	4.880718	0.9773737
13554	-896.1857	-1125.149	228.9633	1.170035	3.823567	1.857543
13560	-888.9358	-1117.36	228.4246	1.253463	6.889125	1.593893
13566	-886.7686	-1115.808	229.0391	1.083193	5.065067	1.593893
13572	-888.4918	-1117.379	228.8873	1.065804	5.43176	1.644709
13578	-891.8653	-1120.893	229.0281	0.9250831	5.43176	1.644709
13584	-880.6751	-1109.476	228.8005	1.060432	5.9008	1.625587
13590	-882.0601	-1110.114	228.0543	0.9104652	5.302361	2.330244
13596	-889.0029	-1117.457	228.4538	0.7311257	5.95807	2.079836
13602	-892.4082	-1120.801	228.3927	1.003438	4.126632	2.276578
13608	-894.8325	-1123.694	228.8615	1.126865	6.121352	1.492665
13614	-886.1395	-1115.477	229.3379	1.13605	4.762493	1.394153
13620	-889.4432	-1118.802	229.3587	1.076146	4.164534	1.562958
13626	-883.9472	-1112.747	228.7995	1.063098	5.040225	1.783355
13632	-890.2963	-1119.201	228.9048	0.9287376	5.228689	1.767518
13638	-889.7565	-1118.711	228.9541	0.9039737	3.91255	2.02226
13644	-885.5688	-1114.83	229.2611	1.252291	3.763026	1.60515
13650	-898.451	-1128.045	229.5937	0.9976031	3.980354	1.49209
13656	-899.0717	-1128.006	228.9341	1.206202	5.511302	1.49209
13662	-885.416	-1114.437	229.0207	1.307845	4.340598	1.599522
13668	-887.5815	-1117.17	229.5889	1.2554	4.428155	1.172808
13674	-897.6006	-1126.944	229.343	1.321967	6.530953	0.7869684
13680	-887.8111	-1117.201	229.39	1.599506	5.44049	0.6939566
13686	-893.301	-1122.868	229.5665	1.590317	4.524349	0.8272452
13692	-882.1106	-1111.577	229.4663	1.511777	5.143574	0.8272452
13698	-889.8809	-1118.748	228.867	1.256405	7.295346	1.176943
13704	-879.9574	-1109.132	229.1745	1.035584	4.344567	1.683791
13710	-882.0195	-1111.391	229.3715	1.474033	4.262647	1.21652
13716	-883.4287	-1112.837	229.4084	1.223007	3.773807	1.515496
13722	-885.7553	-1114.855	229.0995	1.226748	4.835813	1.490886
13728	-887.9448	-1117.215	229.2705	1.199814	4.999591	1.343574
13734	-894.0097	-1123.377	229.3671	1.341459	4.207119	1.343574
13740	-888.854	-1117.468	228.6139	1.358014	7.058077	1.343574
13746	-874.5861	-1104.185	229.5992	1.542547	3.858757	1.072705
13752	-882.0478	-1111.639	229.5908	1.378144	5.045337	0.8713588
13758	-887.3256	-1116.57	229.2446	1.408836	4.581739	1.29389
13764	-897.2732	-1126.645	229.3716	1.311866	4.363444	1.323909
13770	-884.2543	-1113.611	229.3563	1.378652	5.073679	1.101655
13776	-888.7618	-1118.239	229.4777	1.43187	4.987149	0.9549841
13782	-890.723	-1120.251	229.528	1.575732	4.334412	0.9549841
13788	-898.6428	-1127.933	229.2897	1.33959	4.536107	1.324572
13794	-899.1386	-1128.094	228.9555	1.348579	4.21187	1.646828
13800	-891.8111	-1120.553	228.7422	0.944208	6.349753	1.674385
13806	-904.1881	-1133.115	228.927	1.161035	5.346565	1.563054
13812	-894.4417	-1123.265	228.8228	1.293922	5.2392	1.563054
13818	-894.3782	-1122.943	228.5646	1.085258	7.162313	1.572226
13824	-893.2883	-1121.782	228.494	1.217669	7.391512	1.491417
13830	-889.5368	-1118.754	229.2169	1.009224	5.371507	1.45484
13836	-895.6654	-1124.775	229.1095	1.041916	5.500041	1.485897
13842	-891.9681	-1121.445	229.4765	1.124358	5.418925	1.138666
13848	-889.5515	-1119.159	229.6077	1.336294	4.813518	0.9707446
13854	-890.8573	-1120.485	229.6281	1.349005	4.813518	0.9359237
13860	-898.6178	-1127.856	229.2381	1.406175	5.591251	1.057865
13866	-885.0241	-1114.325	229.3008	1.473191	5.591251	0.9268633
13872	-892.4578	-1121.985	229.5267	1.565051	4.69357	0.8450113
13878	-910.2392	-1139.466	229.2269	1.389331	5.744762	1.047534
13884	-886.9096	-1115.47	228.5604	1.491762	7.400218	1.219712
13890	-889.8022	-1119.256	229.4538	1.517178	4.888244	0.9192141
13896	-894.2472	-1123.722	229.4746	1.520361	4.932142	0.8781327
13902	-892.2919	-1121.608	229.3162	1.646502	4.122276	1.154504
13908	-885.962	-1114.602	228.6399	1.027637	6.346232	1.688424
13914	-899.0761	-1128.452	229.3758	1.279651	5.298273	1.11842
13920	-896.89	-1125.965	229.0746	1.077011	5.836827	1.420787
13926	-883.5116	-1112.58	229.0689	1.322062	4.712349	1.469215
13932	-893.8499	-1123.247	229.3968	1.345864	3.973532	1.377725
13938	-895.2812	-1124.748	229.467	1.253447	4.680714	1.213536
13944	-894.7611	-1124.232	229.4704	1.33901	4.680714	1.136067
13950	-889.3749	-1118.023	228.6484	1.206118	5.108827	1.775697
13956	-882.9081	-1111.999	229.0906	1.23192	3.466119	1.816825
13962	-894.5322	-1123.613	229.0806	1.113329	3.344218	1.936375
13968	-893.0807	-1122.457	229.3763	1.223931	4.443136	1.370363
13974	-891.9834	-1121.175	229.1911	1.231962	5.047594	1.370363
13980	-910.9417	-1139.493	228.5517	1.441845	8.487514	1.087733
13986	-899.4541	-1128.33	228.8764	1.474838	6.692308	1.087733
13992	-892.7164	-1121.557	228.8403	1.113194	6.622167	1.431776
13998	-888.0277	-1117.435	229.4069	1.421077	5.145835	0.9935699
14004	-894.3312	-1123.176	228.8447	1.509521	6.021422	1.221377
14010	-899.3268	-1127.627	228.2998	1.54669	9.375986	1.08133
14016	-901.4439	-1130.074	228.6299	1.431568	8.155586	1.08133
14022	-889.8518	-1118.752	228.9004	1.163022	5.641589	1.524566
14028	-898.082	-1126.764	228.6823	1.068488	9.081965	1.210296
14034	-892.725	-1121.947	229.2222	1.356501	6.683249	0.8540223
14040	-884.8041	-1112.932	228.1276	1.454262	11.86938	0.9739878
14046	-876.8392	-1105.266	228.4272	1.487732	10.55105	0.8092017
14052	-883.2923	-1111.812	228.5196	1.667717	8.984408	0.781961
14058	-885.1021	-1113.449	228.3471	1.448094	10.49371	0.9575618
14064	-891.3534	-1119.479	228.1257	1.624001	12.71043	0.4689277
14070	-916.5728	-1145.56	228.9876	1.266304	5.977058	1.313086
14076	-903.0861	-1132.524	229.438	1.367191	4.015707	1.316699
14082	-891.1542	-1119.584	228.4297	1.756464	9.410344	0.6671559
14088	-896.1191	-1124.947	228.8282	1.767023	7.370836	0.5761717
14094	-907.3777	-1135.572	228.1944	2.097689	8.997261	0.5731943
14100	-888.8521	-1117.657	228.805	1.476374	8.997261	0.6082171
14106	-902.6397	-1130.968	228.328	2.013602	8.638415	0.4001256
14112	-901.4558	-1129.96	228.5038	1.466051	10.28024	0.7909711
14118	-896.183	-1125.204	229.0211	1.64958	6.133607	0.8934682
14124	-898.8272	-1127.396	228.5693	1.513371	8.165133	1.059828
14130	-903.7619	-1133.042	229.2799	1.48589	5.558063	0.9448738
14136	-896.96	-1125.594	228.6341	1.215585	5.793662	1.652707
14142	-899.9357	-1129.325	229.3894	1.589854	4.756909	0.9510578
14148	-883.6388	-1113.127	229.4885	1.672599	4.167038	0.9510578
14154	-881.8779	-1110.825	228.9473	1.496673	7.602777	0.7798898
14160	-892.0089	-1121.122	229.1127	1.747361	5.771197	0.7655571
14166	-893.1142	-1121.678	228.5639	1.811429	8.008758	0.7655571
14172	-890.3566	-1119.459	229.1025	1.627578	6.663874	0.6219656
14178	-889.1888	-1118.58	229.3908	1.40904	5.209861	1.004249
14184	-883.9684	-1113.004	229.0356	1.304748	6.428514	1.15102
14190	-898.5778	-1127.719	229.1407	1.104861	5.329645	1.44844
14196	-893.4762	-1122.183	228.7071	1.349813	7.198015	1.250558
14202	-884.2732	-1113.394	229.1209	1.093817	5.261475	1.48565
14208	-882.9795	-1112.032	229.0529	0.9774322	5.261475	1.621636
14214	-879.8014	-1108.765	228.9636	0.9261656	5.80626	1.621636
14220	-889.9334	-1118.885	228.9514	1.107711	5.284412	1.596334
14226	-874.405	-1103.936	229.5307	1.155194	3.982793	1.419419
14232	-885.945	-1115.149	229.204	1.061546	4.955343	1.51083
14238	-886.6767	-1116.023	229.3463	0.9331969	4.363597	1.629801
14244	-894.7998	-1123.621	228.8213	1.134037	4.920904	1.742016
14250	-889.1299	-1118.087	228.957	1.175408	5.090656	1.581309
14256	-885.2673	-1114.187	228.9198	0.9712969	7.094447	1.401115
14262	-886.3093	-1115.584	229.2749	1.231542	5.750447	1.147139
14268	-893.3538	-1122.532	229.1786	1.495125	6.581716	0.7584757
14274	-884.8259	-1113.947	229.1215	1.657811	6.33687	0.6757083
14280	-902.2796	-1131.604	229.3249	1.739239	4.789127	0.8445933
14286	-897.9218	-1127.358	229.4359	1.690689	4.823022	0.7471314
14292	-895.606	-1124.643	229.0373	1.200168	7.423863	1.049479
14298	-890.0001	-1119.201	229.2006	1.51438	5.353371	1.049479
14304	-902.8824	-1132.091	229.2085	1.506542	5.353371	1.049479
14310	-900.7283	-1129.771	229.043	1.434551	6.302699	1.051763
14316	-900.7037	-1129.964	229.2604	1.568945	5.795732	0.799643
14322	-889.3452	-1118.528	229.1827	1.446211	6.759823	0.766421
14328	-897.9492	-1126.959	229.0101	1.48729	7.383962	0.766421
14334	-892.031	-1121.513	229.4817	1.215678	5.824241	0.946204
14340	-879.4932	-1108.547	229.0535	1.360823	6.964354	0.9687203
14346	-890.8895	-1119.864	228.9746	1.150318	5.834833	1.441661
14352	-906.5979	-1135.992	229.3944	1.245255	5.260304	1.141691
14358	-885.1582	-1114.418	229.2597	1.698939	5.205863	0.8303329
14364	-877.5603	-1107.021	229.4605	1.313918	5.249892	1.018691
14370	-872.4282	-1101.526	229.0977	1.203947	5.77297	1.314989
14376	-876.704	-1105.995	229.2906	1.319198	6.134554	0.9593837
14382	-884.763	-1113.417	228.6536	1.41158	9.3166	0.8657153
14388	-891.1812	-1120.42	229.2383	1.41158	5.392301	1.100689
14394	-897.6078	-1126.6	228.9923	1.357823	7.058984	1.013267
14400	-907.5347	-1136.696	229.1609	1.170666	4.973483	1.457179
14406	-907.027	-1136.003	228.9764	1.386999	5.727346	1.274039
14412	-894.8983	-1123.994	229.0954	1.503898	6.719642	0.8184602
14418	-887.7716	-1116.489	228.717	1.614961	8.03225	0.8184602
14424	-884.0828	-1113.176	229.0933	1.579731	5.641439	1.017694
14430	-889.2184	-1118.765	229.5468	1.213581	5.155441	1.056998
14436	-896.6166	-1125.372	228.755	1.347604	8.155341	1.042566
14442	-895.2004	-1124.037	228.8368	1.342778	8.855332	0.8220575
14448	-884.7937	-1114	229.2065	1.419841	6.191412	0.9274634
14454	-892.9639	-1121.95	228.9862	1.247539	6.615908	1.206878
14460	-902.279	-1131.259	228.9798	0.9651312	5.581277	1.622733
14466	-888.0531	-1116.965	228.9124	1.062347	5.340236	1.646568
14472	-893.5887	-1122.532	228.9435	1.27785	5.565914	1.419588
14478	-893.7106	-1122.897	229.1864	1.439067	5.282095	1.149073
14484	-892.4282	-1121.247	228.8185	1.466385	7.938649	0.8963439
14490	-887.2528	-1116.418	229.1648	1.474241	6.257446	0.8963439
14496	-895.3005	-1124.077	228.7765	1.377941	8.164578	0.9898336
14502	-882.8538	-1112.276	229.4218	1.564308	5.328921	0.7475009
14508	-892.4858	-1121.621	229.1353	1.439069	5.328921	1.182872
14514	-904.6471	-1133.345	228.6981	1.242008	6.403637	1.479442
14520	-912.2327	-1141.001	228.7682	1.207506	6.824343	1.380042
14526	-907.7823	-1137.333	229.5508	1.286419	4.725233	1.099076
14532	-899.7561	-1129.219	229.4633	1.409027	5.416255	0.8669942
14538	-900.8652	-1130.432	229.5666	1.568235	4.235105	0.9555489
14544	-897.8778	-1126.441	228.5634	1.163224	6.815999	1.570008
14550	-878.6704	-1108.129	229.4591	1.172771	5.488092	1.094282
14556	-888.4297	-1117.325	228.895	1.270346	5.913122	1.395646
14562	-872.2367	-1101.542	229.3054	1.286952	5.585138	1.107505
14568	-885.991	-1115.146	229.1549	1.546504	5.638009	0.9903844
14574	-896.3019	-1125.324	229.0222	1.311398	7.446798	0.948535
14580	-888.441	-1117.093	228.6517	1.182333	8.427258	1.237429
14586	-886.5451	-1115.872	229.3266	1.013555	4.444342	1.567376
14592	-888.2705	-1117.557	229.2864	1.051713	4.450806	1.567376
14598	-891.834	-1120.993	229.1586	1.138493	4.713612	1.539247
14604	-885.9718	-1115.3	229.328	1.258374	4.529035	1.360537
14610	-907.3534	-1135.805	228.4515	1.379477	6.324477	1.574152
14616	-907.0771	-1135.822	228.7449	0.8823457	4.903681	1.969986
14622	-908.815	-1136.951	228.1357	1.005652	4.51171	2.361339
14628	-898.667	-1127.258	228.5908	0.7266693	4.42413	2.266161
14634	-907.1821	-1136.211	229.0292	0.9808717	4.871317	1.713491
14640	-895.6596	-1124.089	228.4297	0.8740896	4.311024	2.29761
14646	-895.3136	-1124.818	229.504	0.9726615	4.110977	1.545107
14652	-893.8694	-1123.555	229.6859	1.122626	4.110977	1.288295
14658	-876.521	-1105.401	228.8804	1.10997	5.708025	1.566158
14664	-893.5117	-1122.592	229.0802	1.11687	8.490799	0.8793132
14670	-890.8059	-1119.747	228.9414	0.9111626	4.524201	1.893376
14676	-888.1996	-1116.764	228.564	0.7219397	6.729838	1.893376
14682	-892.0515	-1121.098	229.0468	1.050551	4.094599	1.819081
14688	-887.0062	-1115.444	228.4373	0.8168874	4.094599	2.37369
14694	-893.4096	-1122.159	228.7499	0.8076832	4.94049	2.009548
14700	-894.5793	-1122.933	228.3535	1.20139	5.539087	1.902776
14706	-876.292	-1105.287	228.9952	1.072826	5.539087	1.540616
14712	-888.3902	-1117.171	228.7811	1.039108	5.489397	1.728475
14718	-895.1943	-1124.668	229.4738	1.29872	3.896587	1.374907
14724	-899.2063	-1128.167	228.9609	1.490637	6.46112	1.041844
14730	-898.1689	-1127.17	229.0007	1.434208	5.834338	1.19143
14736	-902.4216	-1131.591	229.1689	1.271782	6.153625	1.118274
14742	-902.5316	-1131.576	229.0448	0.970874	5.487841	1.588883
14748	-900.8837	-1130.09	229.2058	1.134851	4.348243	1.588883
14754	-901.8647	-1131.266	229.4009	1.387151	3.791943	1.391209
14760	-890.2376	-1119.526	229.2885	1.362973	4.355854	1.351345
14766	-897.228	-1126.075	228.8474	1.238441	7.367213	1.196726
14772	-885.3098	-1114.323	229.0136	1.337689	5.7024	1.28905
14778	-892.6182	-1121.181	228.5628	1.131213	8.884473	1.286025
14784	-895.1897	-1124.378	229.1885	1.322077	5.166267	1.273646
14790	-893.4559	-1122.67	229.2145	1.132318	6.916564	1.045921
14796	-884.6389	-1114.243	229.6036	1.378207	4.895097	0.9050778
