Iteration	Posterior	Likelihood	Prior	rate_log_sd	rate_loss	tree_length
0	-873.2739	-1102.31	229.036	1.325824	6.776918	1.060417
6	-873.3839	-1102.517	229.1336	1.291334	6.434863	1.072794
12	-881.6918	-1110.608	228.9162	1.291334	6.896795	1.176555
18	-878.0365	-1107.354	229.318	1.029162	4.904309	1.460279
24	-883.9987	-1113.724	229.7249	1.331965	4.523469	0.9426211
30	-876.736	-1105.906	229.1698	1.358463	5.390322	1.208479
36	-879.7454	-1108.737	228.9915	1.358463	5.390322	1.354757
42	-889.7035	-1118.417	228.7139	1.10979	4.719349	1.873301
48	-878.1302	-1107.175	229.0446	1.445442	5.031906	1.320557
54	-890.1171	-1119.666	229.5484	1.273505	5.027449	1.031882
60	-887.8667	-1116.809	228.9424	0.8557126	4.945716	1.846177
66	-880.3829	-1108.728	228.3446	1.048506	6.598709	1.839968
72	-894.2566	-1122.267	228.0101	1.086166	5.166006	2.269742
78	-904.2878	-1132.252	227.9639	1.008543	5.636094	2.269742
84	-887.8959	-1116.999	229.1036	1.111798	4.302644	1.68943
90	-881.4927	-1110.674	229.1813	1.175134	4.349487	1.577117
96	-884.2034	-1113.473	229.27	1.012308	4.59047	1.577117
102	-878.6163	-1108.216	229.5997	1.232295	4.011056	1.296256
108	-872.9012	-1101.894	228.9931	1.471054	6.522399	1.016105
114	-876.1217	-1105.668	229.5463	1.370319	4.604019	1.058547
120	-896.0223	-1124.996	228.9741	1.1003	5.017894	1.638066
126	-894.6298	-1123.72	229.0898	1.312335	5.015895	1.393694
132	-885.8356	-1114.355	228.5195	1.068319	5.015895	1.975238
138	-882.7833	-1112.112	229.329	1.129584	5.495281	1.244145
144	-885.8497	-1115.145	229.2953	1.175727	5.420525	1.250025
150	-884.1336	-1113.303	229.1693	1.322068	5.16159	1.290472
156	-881.0708	-1110.059	228.9884	1.366031	5.435601	1.341788
162	-883.0322	-1112.355	229.3231	1.477576	4.731947	1.130426
168	-894.7288	-1123.609	228.8797	1.823846	6.75541	0.6374769
174	-896.7368	-1125.573	228.8365	1.885708	6.794238	0.4522459
180	-895.9796	-1124.89	228.9105	1.764265	6.794238	0.6796067
186	-902.3719	-1130.898	228.526	1.898947	8.265146	0.5638478
192	-903.992	-1133.207	229.215	1.860084	5.325239	0.5511028
198	-887.4657	-1116.81	229.3443	1.552986	5.810799	0.690215
204	-893.5521	-1122.224	228.672	1.285537	8.498894	1.118816
210	-905.1011	-1134.391	229.2903	1.231988	6.373469	0.9919263
216	-911.9886	-1140.175	228.1868	1.323971	7.567204	1.613573
222	-880.0408	-1109.295	229.2546	1.466486	4.361461	1.29394
228	-885.2858	-1114.169	228.8828	1.1025	7.617646	1.239385
234	-879.8303	-1109.233	229.4023	1.1025	5.244387	1.260895
240	-884.0267	-1112.736	228.7088	1.248746	7.627216	1.260895
246	-889.245	-1118.002	228.7569	1.17202	7.171942	1.358742
252	-887.6096	-1117.62	230.0102	1.166431	2.701851	1.429117
258	-897.6859	-1127.821	230.1351	1.198267	2.701851	1.30551
264	-897.7186	-1127.325	229.6063	1.250402	2.701851	1.665662
270	-891.7518	-1121.365	229.6128	1.110148	2.701851	1.760143
276	-880.4503	-1109.656	229.206	0.9686716	4.171662	1.747794
282	-884.5683	-1113.673	229.1047	0.9437798	4.139425	1.84255
288	-887.4725	-1116.458	228.9855	0.9619158	4.139425	1.911446
294	-889.3779	-1118.104	228.7264	1.232644	4.6862	1.786891
300	-884.0839	-1113.026	228.9422	1.311915	5.220026	1.464365
306	-886.5571	-1115.625	229.0682	1.312778	4.768261	1.464365
312	-893.1262	-1122.248	229.1223	1.152519	5.143844	1.464365
318	-901.5844	-1130.608	229.0238	0.8481449	4.17511	1.954469
324	-892.6672	-1121.188	228.5204	1.037946	5.235582	1.954469
330	-899.2747	-1128.65	229.3756	1.102707	5.621207	1.200074
336	-896.5647	-1125.371	228.8058	1.338569	4.779476	1.636622
342	-888.8228	-1118.058	229.2356	1.086877	4.19899	1.636622
348	-883.6552	-1112.399	228.7441	1.061855	4.931116	1.843604
354	-899.5531	-1128.518	228.9649	0.9760537	4.473813	1.843604
360	-904.765	-1133.818	229.0526	1.237585	5.230639	1.434616
366	-887.8184	-1116.733	228.9149	1.075759	6.440189	1.434616
372	-892.7904	-1122.15	229.3592	1.143412	4.491631	1.434616
378	-879.0201	-1108.459	229.4388	1.090451	4.405155	1.434616
384	-880.4266	-1110.219	229.7919	1.240636	4.327602	1.029001
390	-900.369	-1129.373	229.0035	1.349309	7.094844	1.003129
396	-897.8116	-1127.355	229.5439	1.423785	4.624326	1.003129
402	-878.6536	-1107.112	228.4582	1.601299	10.10306	0.6956433
408	-895.8757	-1124.234	228.3581	1.734809	10.10306	0.6271402
414	-896.3027	-1125.307	229.0043	1.583312	7.279047	0.6485715
420	-883.0833	-1111.629	228.5457	1.668883	9.206562	0.6781917
426	-893.5872	-1121.999	228.4117	1.821664	9.399261	0.516365
432	-891.1008	-1119.549	228.4484	1.709017	9.689594	0.6300119
438	-892.5549	-1121.412	228.8576	1.658746	6.717895	0.9169641
444	-895.9708	-1124.574	228.6029	1.725502	8.571648	0.6717156
450	-896.734	-1125.331	228.5966	1.758236	8.586943	0.6041934
456	-898.3633	-1126.841	228.4775	1.658889	9.785344	0.6431993
462	-894.7032	-1123.49	228.7873	1.533924	7.643836	0.9196515
468	-888.5815	-1117.863	229.2814	1.578086	5.657543	0.805641
474	-894.5054	-1124.005	229.4992	1.543566	4.600681	0.9326793
480	-883.78	-1112.673	228.893	1.330806	6.326942	1.270183
486	-888.4856	-1117.277	228.7911	1.431999	6.86285	1.169331
492	-895.9827	-1125.051	229.0682	1.461414	6.268182	1.008927
498	-892.9204	-1122.191	229.2701	1.367767	6.140408	0.9279852
504	-906.9843	-1135.904	228.9196	1.035662	4.312264	1.868267
510	-909.545	-1139.007	229.4623	1.408962	4.312264	1.180922
516	-892.696	-1122.234	229.5383	1.214204	4.487338	1.235696
522	-898.6352	-1128.376	229.7409	1.775109	3.811297	0.6186884
528	-881.4637	-1110.594	229.13	1.870491	5.614125	0.4552185
534	-882.3185	-1111.568	229.2497	1.601809	5.658571	0.8156335
540	-890.3243	-1119.714	229.3898	1.423014	5.422227	0.9322884
546	-896.0747	-1125.714	229.6395	1.571259	4.164676	0.8978092
552	-904.6919	-1134.433	229.7409	1.547701	4.521177	0.6072468
558	-899.2099	-1128.863	229.6531	1.439374	4.521177	0.904555
564	-895.0884	-1124.25	229.1618	1.275602	5.694072	1.219203
570	-886.9371	-1116.139	229.2022	1.604608	5.249614	0.9865374
576	-886.6463	-1116.161	229.5147	1.386719	5.306369	0.8670267
582	-889.9488	-1118.974	229.0256	1.467708	6.627651	0.9628513
588	-891.1404	-1120.059	228.9184	1.231726	6.468401	1.303985
594	-899.8789	-1128.917	229.0385	1.088154	6.51502	1.314383
600	-897.0763	-1126.229	229.1529	1.26299	5.33225	1.314383
606	-886.5388	-1116.029	229.4901	1.220191	4.706065	1.215847
612	-890.4161	-1119.603	229.1873	1.156439	4.164192	1.629403
618	-899.6054	-1128.839	229.2337	1.007609	4.671694	1.589354
624	-891.4684	-1120.326	228.8575	1.128266	6.602095	1.410279
630	-896.6596	-1125.344	228.6842	1.072023	6.337747	1.626289
636	-896.6812	-1125.976	229.295	1.437365	4.085989	1.356123
642	-898.2295	-1126.893	228.663	1.203951	7.514289	1.352492
648	-898.629	-1127.815	229.1858	1.188571	5.714442	1.26763
654	-894.3584	-1123.336	228.9778	1.163009	5.106631	1.571904
660	-906.5874	-1135.466	228.8787	1.3186	6.000345	1.353889
666	-888.2553	-1117.537	229.2822	1.176569	4.850164	1.386206
672	-895.297	-1124.514	229.2171	1.171003	6.134125	1.169149
678	-886.8941	-1116.022	229.1276	1.330465	6.515135	1.023758
684	-874.588	-1103.6	229.0115	1.401147	6.223664	1.1287
690	-882.7871	-1111.957	229.17	1.25664	6.927859	0.9640975
696	-881.0297	-1110.447	229.4177	1.477079	5.242801	0.894412
702	-880.3156	-1109.779	229.4634	1.139217	5.242801	1.178407
708	-883.9831	-1112.544	228.5614	1.000678	5.840643	1.846024
714	-874.4615	-1103.771	229.31	1.330128	5.67936	1.04041
720	-895.922	-1124.476	228.5544	1.418868	7.701238	1.235627
726	-906.3712	-1135.527	229.1557	1.519535	6.018091	0.9191381
732	-894.5647	-1124.019	229.4543	1.368196	4.459893	1.183197
738	-910.8665	-1140.122	229.2559	1.610068	6.155519	0.5562304
744	-897.252	-1127.131	229.8785	1.453439	3.705454	0.9369512
750	-895.7464	-1125.588	229.8416	1.38643	3.844492	0.9938436
756	-897.5319	-1126.274	228.7419	1.134177	5.692862	1.651898
762	-911.8272	-1140.521	228.6937	1.402773	7.326209	1.194755
768	-899.3873	-1128.405	229.0173	1.239974	6.314791	1.244734
774	-883.1012	-1112.161	229.0602	1.265191	6.406815	1.16847
780	-893.5069	-1122.499	228.9924	1.368377	6.725021	1.072099
786	-888.8392	-1117.562	228.7232	1.405922	7.281111	1.174537
792	-896.119	-1125.106	228.9872	1.281913	6.232206	1.250866
798	-901.5894	-1130.603	229.0134	1.435445	6.216683	1.09735
804	-896.9415	-1126.113	229.1719	1.435445	6.045555	0.9837766
810	-886.7467	-1115.706	228.9595	1.416628	7.330369	0.9283724
816	-877.6949	-1106.296	228.6015	1.329209	7.295057	1.337082
822	-883.1816	-1111.502	228.3205	1.450328	10.50034	0.9816515
828	-876.7389	-1105.619	228.8798	1.351366	7.928198	0.9568876
834	-901.9906	-1130.947	228.9563	1.327312	5.580427	1.368164
840	-897.8305	-1126.921	229.0902	1.25318	4.756536	1.495362
846	-883.0425	-1111.626	228.5832	1.096336	5.233859	1.872782
852	-884.2152	-1113.221	229.0059	1.195376	5.487051	1.450668
858	-897.9057	-1126.592	228.6864	1.283779	6.445734	1.449329
864	-898.9859	-1127.499	228.5131	1.145113	7.945015	1.449329
870	-901.3115	-1129.967	228.6556	0.9955735	4.974381	1.94051
876	-895.6934	-1124.707	229.0133	1.199908	4.431867	1.66214
882	-896.5338	-1125.676	229.1421	1.30947	6.189936	1.100603
888	-909.2772	-1138.062	228.7851	1.317842	8.892349	0.905484
894	-889.9725	-1119.406	229.4339	1.343498	5.729176	0.8840567
900	-890.7356	-1120.126	229.3905	1.002878	5.063624	1.390177
906	-876.8735	-1106.254	229.3803	1.199028	5.063624	1.240022
912	-889.5311	-1118.744	229.213	1.288235	6.201273	1.051756
918	-897.3417	-1126.1	228.7581	1.076056	6.201273	1.592788
924	-893.4854	-1122.716	229.2309	1.002689	5.111568	1.502156
930	-895.8635	-1125.143	229.28	1.142978	4.362489	1.525003
936	-886.077	-1115.289	229.2115	1.09591	4.304396	1.623092
942	-895.988	-1124.906	228.9177	1.009219	4.686202	1.809164
948	-888.6214	-1117.655	229.0339	0.9107599	4.626695	1.809164
954	-900.6249	-1129.423	228.7983	1.348987	7.783941	1.06738
960	-878.0107	-1106.547	228.5361	1.434911	9.326457	0.9676509
966	-889.7864	-1118.573	228.7871	1.388715	8.358574	0.930067
972	-878.7605	-1107.6	228.8398	1.543415	6.981545	0.9966679
978	-882.7403	-1112.186	229.4459	1.189878	5.644806	1.052958
984	-897.2291	-1126.169	228.9394	1.345697	6.309729	1.222275
990	-893.1188	-1121.854	228.7354	1.372581	8.805233	0.9167444
996	-890.6023	-1119.48	228.8778	1.453455	6.764289	1.091588
1002	-888.0732	-1116.847	228.774	1.457427	6.828154	1.168669
1008	-884.8572	-1113.764	228.9067	1.405712	6.828154	1.096116
1014	-887.4171	-1116.33	228.9128	1.367907	8.036681	0.8797891
1020	-884.4441	-1113.282	228.8375	1.237441	5.98114	1.45254
1026	-890.6984	-1119.687	228.9886	1.116753	4.910228	1.637659
1032	-877.4235	-1106.595	229.1711	1.093109	4.910228	1.52141
1038	-886.9867	-1115.713	228.7264	1.261672	5.962672	1.52141
1044	-886.0597	-1115.367	229.3071	0.9598016	4.327368	1.647011
1050	-878.0572	-1107.709	229.6514	1.149588	4.086271	1.301058
1056	-884.3309	-1113.201	228.8704	0.9447964	5.425817	1.743668
1062	-884.4131	-1113.402	228.9892	1.268559	7.803314	0.9542443
1068	-890.5134	-1119.549	229.0352	1.384451	6.473795	1.069472
1074	-885.5713	-1114.585	229.0132	1.330115	6.290327	1.176238
1080	-898.1119	-1127.021	228.9088	1.271438	8.194441	0.9575659
1086	-894.6466	-1123.39	228.7438	1.252741	9.23178	0.9575659
1092	-885.3673	-1114.431	229.0636	1.432125	6.669829	0.9505124
1098	-886.6646	-1115.556	228.8909	1.181422	6.041643	1.443411
1104	-886.4697	-1114.971	228.501	0.9458535	4.605909	2.146694
1110	-892.8918	-1122.254	229.3617	1.031244	4.903669	1.425353
1116	-896.4318	-1124.749	228.3172	1.437865	9.9241	1.083569
1122	-893.2396	-1121.717	228.4773	1.039887	7.724464	1.586328
1128	-894.8987	-1123.353	228.4548	1.410822	7.33855	1.381563
1134	-888.3133	-1117.19	228.8768	1.224411	6.532742	1.33168
1140	-884.5844	-1113.583	228.9988	1.236125	6.684045	1.192942
1146	-887.7165	-1116.787	229.0707	1.198237	4.266637	1.659421
1152	-875.9505	-1104.468	228.5171	1.125085	8.60455	1.367236
1158	-882.781	-1111.234	228.4527	1.384017	8.60455	1.208132
1164	-889.2757	-1118.418	229.1423	1.542617	6.396684	0.8011746
1170	-885.655	-1114.831	229.1762	1.224359	4.870887	1.426714
1176	-882.9474	-1111.507	228.5599	1.248334	7.581108	1.38819
1182	-873.7303	-1102.405	228.6748	1.174849	6.883995	1.467254
1188	-881.1334	-1109.952	228.8181	1.081801	6.883995	1.428888
1194	-871.8309	-1100.659	228.8284	1.252321	7.142261	1.240359
1200	-881.061	-1109.631	228.5698	1.158495	8.865499	1.260568
1206	-876.0396	-1104.875	228.8351	1.19041	6.917724	1.324597
1212	-881.3253	-1110.344	229.0186	1.353594	6.964601	1.011256
1218	-882.6821	-1111.312	228.6294	1.31498	7.348385	1.317363
1224	-895.3538	-1124.576	229.2217	1.425521	6.055671	0.9396232
1230	-892.3408	-1121.94	229.5989	1.315605	5.262457	0.8654443
1236	-897.694	-1126.882	229.1878	1.664741	5.454692	0.8784307
1242	-901.954	-1131.908	229.9541	1.791302	3.175932	0.642281
1248	-898.3568	-1128.343	229.9866	1.652053	3.175932	0.8143189
1254	-899.049	-1128.829	229.7803	1.400459	4.379066	0.8529897
1260	-896.6336	-1126.339	229.7054	1.352946	4.398709	0.9810834
1266	-898.5686	-1127.576	229.0073	1.194399	4.88554	1.572756
1272	-902.0507	-1130.487	228.4366	1.185084	6.4958	1.696744
1278	-900.3043	-1129.391	229.0862	1.249404	6.0051	1.240361
1284	-891.824	-1120.273	228.449	1.473397	9.03691	1.063845
1290	-894.5284	-1123.253	228.7249	1.36958	7.286426	1.203437
1296	-887.0438	-1116.142	229.098	1.258781	5.805999	1.263291
1302	-889.623	-1118.717	229.0939	1.225988	6.151768	1.224116
1308	-888.2622	-1117.188	228.9259	1.301995	8.130842	0.9192167
1314	-887.2417	-1115.842	228.6	1.523773	8.547651	0.9489272
1320	-889.0392	-1117.666	228.627	1.434511	8.121457	1.087261
1326	-887.8922	-1117.208	229.3158	1.367175	5.183576	1.121464
1332	-887.5776	-1117.084	229.5061	1.212467	5.243162	1.073931
1338	-884.4718	-1113.366	228.8939	1.31921	6.745033	1.200173
1344	-884.7659	-1113.689	228.9229	1.193055	5.780044	1.458928
1350	-902.3147	-1131.227	228.9121	1.314251	7.789474	0.9893459
1356	-900.1848	-1129.086	228.9009	1.314251	8.963952	0.7468792
1362	-898.6593	-1127.362	228.7028	1.7071	8.245546	0.6233288
1368	-883.2125	-1111.843	228.6302	1.585465	9.405263	0.5985344
1374	-888.2296	-1116.709	228.4793	1.331737	8.877857	1.188832
1380	-884.4663	-1113.286	228.8202	1.412535	7.529872	1.033591
1386	-894.6027	-1123.09	228.4876	1.655519	8.73198	0.8918812
1392	-883.8465	-1113.099	229.2524	1.409098	5.487588	1.066844
1398	-881.7433	-1111.313	229.5696	1.025007	5.140868	1.209154
1404	-892.2101	-1121.721	229.5105	1.101281	4.474941	1.35344
1410	-893.9735	-1122.831	228.8578	0.9687056	5.207419	1.776447
1416	-896.6948	-1125.408	228.7137	0.9209093	5.955599	1.776447
1422	-894.1842	-1123.75	229.5663	1.517593	4.223699	1.011101
1428	-886.1523	-1114.94	228.788	1.468594	7.874568	0.9409013
1434	-882.7713	-1111.941	229.1698	1.411327	4.911856	1.273981
1440	-883.8245	-1112.611	228.7868	1.275177	7.05966	1.270376
1446	-886.7326	-1115.805	229.0726	1.275177	6.456199	1.138777
1452	-890.5854	-1119.393	228.808	1.613661	6.85931	0.9842994
1458	-884.9628	-1114.356	229.3932	1.474624	5.19606	0.9380623
1464	-898.5226	-1127.611	229.0884	1.275398	6.092256	1.198792
1470	-888.4563	-1117.762	229.3055	1.402842	4.652155	1.23096
1476	-897.2865	-1125.98	228.6933	1.024355	8.251298	1.358411
1482	-907.7454	-1136.871	229.1253	0.9439939	4.455946	1.758568
1488	-904.1061	-1132.998	228.892	1.0212	5.556221	1.650204
1494	-900.0617	-1128.474	228.4125	0.9930545	4.299617	2.234684
1500	-897.0672	-1126.123	229.0558	0.8960322	3.738914	2.000257
1506	-902.4523	-1131.806	229.3538	1.168778	3.668647	1.62296
1512	-900.7191	-1129.767	229.0483	1.426793	6.179095	1.081277
1518	-917.8945	-1146.64	228.7457	1.103261	5.349908	1.734015
1524	-902.0165	-1130.949	228.9326	1.709368	6.338232	0.871421
1530	-907.0299	-1135.837	228.8066	1.287179	6.622086	1.321603
1536	-891.2372	-1120.094	228.8573	1.294942	5.650152	1.456161
1542	-892.8161	-1121.755	228.9385	1.319128	7.151282	1.083291
1548	-895.5421	-1124.283	228.7408	1.299525	6.288268	1.423298
1554	-896.9399	-1126.212	229.2721	1.404529	4.448629	1.308039
1560	-897.5829	-1126.522	228.9391	1.684134	5.962609	0.9878955
1566	-904.3105	-1133.757	229.4463	1.378228	4.912556	1.060419
1572	-902.8632	-1131.41	228.5468	1.418605	7.136089	1.335723
1578	-895.0489	-1123.966	228.9175	1.429969	6.845924	1.059815
1584	-900.5494	-1129.916	229.3667	1.394719	4.960479	1.106379
1590	-891.1388	-1120.465	229.3264	1.120066	6.253886	1.091577
1596	-889.9032	-1118.649	228.746	1.205312	6.822232	1.399483
1602	-894.7866	-1123.547	228.7607	1.182708	5.053679	1.724214
1608	-901.5325	-1130.713	229.1808	1.019022	5.053679	1.539212
1614	-894.3182	-1123.887	229.5687	1.217555	4.156158	1.294398
1620	-889.7526	-1119.257	229.5043	1.5026	4.299038	1.062235
1626	-892.4596	-1121.308	228.8481	1.375792	5.248527	1.481405
1632	-905.6551	-1135.085	229.4302	1.245594	4.844709	1.210785
1638	-898.6721	-1128.081	229.4088	1.57236	5.456679	0.7011719
1644	-903.8959	-1133.374	229.4778	1.35384	5.456679	0.9016519
1650	-898.007	-1127.304	229.2973	1.367579	4.782874	1.235193
1656	-893.5138	-1123.054	229.54	1.251529	3.778953	1.392029
1662	-893.0859	-1122.266	229.1799	1.10274	5.45228	1.394916
1668	-902.2415	-1130.705	228.464	1.023319	7.103511	1.698231
1674	-907.6815	-1137.249	229.5678	1.517248	3.975312	1.08829
1680	-902.1006	-1130.558	228.4569	1.547127	8.388379	1.094686
1686	-898.8588	-1128.211	229.3518	1.538373	5.152694	0.9266893
1692	-895.5557	-1124.469	228.9134	1.24647	6.253132	1.335987
1698	-886.5708	-1115.747	229.1766	1.128994	6.253132	1.216064
1704	-884.6281	-1113.381	228.7527	1.080679	6.207574	1.592322
1710	-887.0039	-1115.816	228.8125	1.033543	6.207574	1.583071
1716	-884.1494	-1112.492	228.3423	1.001828	7.767429	1.70458
1722	-879.3667	-1108.414	229.047	1.03012	3.889152	1.880424
1728	-895.7358	-1124.513	228.7769	1.232712	5.003461	1.687268
1734	-877.0494	-1106.317	229.2679	1.192436	4.988604	1.353947
1740	-884.888	-1114.128	229.2401	1.370643	5.038069	1.219533
1746	-885.4834	-1114.888	229.4042	1.370643	5.039442	1.073545
1752	-879.2798	-1108.229	228.9496	1.055829	7.281415	1.27886
1758	-887.5254	-1116.428	228.9029	1.355966	6.405458	1.225894
1764	-885.3227	-1113.989	228.666	1.026421	6.860239	1.587987
1770	-885.5578	-1114.601	229.0434	1.021401	4.790115	1.691322
1776	-899.9343	-1128.674	228.7396	1.014926	5.960998	1.691322
1782	-893.2996	-1122.725	229.4255	1.100907	3.957812	1.546157
1788	-898.0887	-1126.999	228.91	1.195671	7.093097	1.228075
1794	-892.7797	-1121.831	229.0511	1.409188	6.999291	0.9117729
1800	-916.9448	-1146.519	229.5745	1.579836	4.634287	0.7869593
1806	-913.4925	-1142.696	229.2036	1.49816	6.369198	0.7869593
1812	-907.4239	-1136.956	229.5316	1.463311	5.302186	0.7449889
1818	-904.7673	-1133.696	228.9287	0.9487772	5.833066	1.625718
1824	-901.1839	-1130.227	229.0428	1.156666	5.833066	1.384374
1830	-907.8921	-1136.781	228.8893	1.13018	5.121606	1.656847
1836	-891.8835	-1121.034	229.1507	1.024961	4.68918	1.63321
1842	-904.1369	-1132.673	228.5364	0.877969	3.896604	2.314323
1848	-905.8343	-1134.728	228.8939	0.9832742	4.077204	1.97254
1854	-893.8745	-1122.243	228.3681	1.159137	5.583129	1.91383
1860	-888.3469	-1117.511	229.164	0.992053	6.065029	1.374184
1866	-897.9413	-1127.184	229.2425	1.088957	5.860976	1.272964
1872	-884.5598	-1113.36	228.7998	1.072572	5.860976	1.62441
1878	-884.3022	-1113.18	228.8781	1.153986	5.825465	1.513615
1884	-893.1925	-1121.81	228.617	1.06005	6.065984	1.728143
1890	-889.065	-1117.864	228.7985	0.9691916	5.653631	1.735791
1896	-896.2312	-1124.839	228.6081	1.420575	9.811721	0.8105402
1902	-893.0737	-1121.554	228.4804	1.554111	9.811721	0.8028573
1908	-893.1236	-1122.408	229.2842	1.505231	6.300336	0.6723789
1914	-898.5488	-1127.494	228.9451	0.8500665	4.63915	1.908837
1920	-882.3408	-1110.929	228.5882	0.9053102	7.253092	1.671683
1926	-895.3517	-1124.769	229.4174	0.8565956	4.971656	1.501098
1932	-902.203	-1131.117	228.9144	1.56735	6.090872	1.094393
1938	-880.8684	-1109.382	228.5136	1.320005	7.71871	1.346819
1944	-887.7526	-1116.441	228.6885	1.483918	8.601687	0.8848146
1950	-895.412	-1124.13	228.7182	1.47721	8.473645	0.8848146
1956	-897.905	-1126.502	228.5971	1.383836	7.449698	1.270841
1962	-889.2233	-1118.024	228.8011	1.193168	7.124378	1.314448
1968	-903.2409	-1132.004	228.7635	1.065651	7.647763	1.36141
1974	-894.5902	-1123.617	229.027	1.286532	7.647763	0.9271463
1980	-901.0091	-1130.117	229.1079	1.353548	6.410725	1.043409
1986	-897.4931	-1126.24	228.7466	1.222679	7.781208	1.225859
1992	-892.9071	-1121.862	228.955	1.127071	7.088582	1.248651
1998	-904.0353	-1132.828	228.7926	1.141022	7.113263	1.364703
2004	-911.9153	-1140.738	228.8223	1.499523	6.537158	1.145574
2010	-895.2982	-1124.36	229.0622	1.286662	6.537158	1.121405
2016	-905.0783	-1134.103	229.0243	1.204044	6.295566	1.272385
2022	-894.7684	-1123.518	228.7497	1.204283	7.044218	1.360133
2028	-896.4612	-1125.374	228.9131	1.024513	7.252252	1.338654
2034	-894.3993	-1123.441	229.0414	1.429053	6.485467	1.018165
2040	-899.1931	-1128.087	228.8943	1.477859	6.463062	1.115492
2046	-904.6728	-1133.213	228.5407	1.349922	9.202434	1.06727
2052	-897.6299	-1126.648	229.0178	1.070768	7.950388	1.092142
2058	-896.8645	-1126.188	229.3239	1.433175	5.1029	1.073727
2064	-910.2756	-1139.437	229.1611	1.450697	6.683939	0.8124121
2070	-903.2295	-1132.202	228.9727	1.809213	6.164115	0.7400277
2076	-898.2895	-1127.304	229.0149	1.510484	7.355596	0.7331386
2082	-892.8045	-1121.588	228.7834	1.248925	7.357018	1.243796
2088	-896.451	-1125.511	229.0603	1.224996	6.199131	1.243796
2094	-908.3144	-1137.588	229.2734	1.350872	6.199131	0.9276976
2100	-892.8866	-1122.184	229.2977	1.01898	4.353844	1.605091
2106	-896.1188	-1124.874	228.7552	0.9127373	6.036555	1.739505
2112	-889.6874	-1118.393	228.7057	1.117054	8.284223	1.268632
2118	-881.9802	-1111.055	229.0749	1.238681	5.519454	1.356869
2124	-883.7276	-1113.226	229.4984	1.234603	5.052577	1.108806
2130	-898.9726	-1128.346	229.3732	1.445772	5.393353	0.933817
2136	-900.7244	-1130.182	229.458	1.279953	5.167865	1.074892
2142	-906.556	-1135.699	229.1431	1.53753	6.19865	0.8640895
2148	-906.3366	-1135.404	229.0673	1.517704	7.180896	0.6935562
2154	-905.1834	-1134.314	229.131	1.416749	4.669233	1.357727
2160	-898.2381	-1127.592	229.3536	1.437758	4.970521	1.076206
2166	-885.2454	-1114.536	229.2908	1.506072	5.546665	0.9143732
2172	-886.4441	-1115.203	228.7587	1.34727	6.768293	1.285551
2178	-870.6248	-1099.402	228.7774	1.164734	7.554001	1.285551
2184	-890.4897	-1119.209	228.719	1.25072	7.057434	1.345451
2190	-891.8837	-1120.934	229.0502	1.000914	4.537458	1.753839
2196	-883.4602	-1112.52	229.0593	0.9737398	4.491911	1.776131
2202	-895.6468	-1124.463	228.8159	1.337512	6.89239	1.223787
2208	-891.7128	-1121.082	229.3691	1.602852	4.979194	0.8892904
2214	-900.3075	-1129.703	229.396	1.473024	4.966686	1.002352
2220	-897.6623	-1127.248	229.5861	1.412261	4.453105	1.024164
2226	-896.4336	-1126.249	229.8158	1.585161	3.520213	0.9355892
2232	-905.6438	-1135.164	229.5202	1.58574	4.385722	0.9355892
2238	-894.1719	-1123.501	229.3293	1.58574	5.493884	0.7873636
2244	-887.6617	-1117.029	229.3676	1.590233	5.352971	0.7792086
2250	-892.531	-1121.481	228.9501	1.284696	7.923071	0.9540921
2256	-886.8859	-1116.461	229.575	1.441307	5.313038	0.7059794
2262	-888.7417	-1118.096	229.3546	1.534501	5.807788	0.7059794
2268	-885.5682	-1114.995	229.427	1.558989	5.127441	0.8227697
2274	-886.0233	-1115.106	229.0831	1.495643	5.420907	1.157855
2280	-888.732	-1117.991	229.2587	1.57573	5.709342	0.8211382
2286	-897.2574	-1126.492	229.235	1.717925	5.709342	0.626957
2292	-905.2125	-1133.825	228.6129	0.9764087	4.417422	2.091119
2298	-912.7577	-1141.598	228.8402	1.374337	2.997233	2.016997
2304	-886.4081	-1115.517	229.1092	1.431982	5.431009	1.188206
2310	-883.7544	-1113.382	229.6279	1.408609	4.802001	0.8732213
2316	-889.4663	-1118.761	229.2944	1.525226	6.011249	0.7380919
2322	-902.2256	-1130.997	228.7718	1.414132	7.300987	1.120511
2328	-880.8841	-1109.352	228.468	1.083107	5.451663	1.920687
2334	-885.9149	-1115.141	229.2264	1.013581	4.058096	1.728158
2340	-880.8506	-1109.798	228.9479	1.093245	4.693048	1.728158
2346	-890.9667	-1120.35	229.3838	1.348876	4.535617	1.239978
2352	-886.3423	-1115.305	228.9625	1.565464	6.91572	0.8542387
2358	-884.4447	-1113.701	229.2566	1.790691	5.415553	0.5694111
2364	-899.4189	-1128.368	228.9492	1.707943	7.117008	0.5229843
2370	-878.3275	-1108.037	229.7099	1.742964	3.927364	0.6700082
2376	-892.0323	-1121.331	229.2989	1.666402	5.462046	0.7253887
2382	-887.2153	-1116.443	229.2276	1.606514	4.723696	1.10234
2388	-895.0263	-1123.935	228.9087	1.526203	5.069973	1.35608
2394	-898.1902	-1126.781	228.5908	1.51039	4.749751	1.673824
2400	-890.3199	-1119.717	229.3976	0.9224083	3.868399	1.717118
2406	-894.586	-1123.681	229.0948	0.9728569	4.65625	1.717118
2412	-897.3399	-1126.557	229.2174	1.360876	6.023923	1.017988
2418	-887.5846	-1116.637	229.0522	1.011251	2.872226	2.151994
2424	-880.3889	-1109.723	229.3344	1.207539	3.78539	1.578614
2430	-879.7963	-1108.774	228.9774	1.247266	4.778341	1.578614
2436	-882.9412	-1112.508	229.5668	1.414314	4.49381	1.028798
2442	-882.1444	-1111.508	229.3633	1.206212	4.923202	1.280883
2448	-890.0355	-1118.929	228.8934	1.297014	5.579048	1.440808
2454	-898.4334	-1127.475	229.0412	1.344252	4.52301	1.515979
2460	-894.0395	-1123.014	228.9747	1.197461	4.52301	1.671469
2466	-892.8807	-1122.051	229.1706	1.297423	5.596626	1.214175
2472	-890.6403	-1120.198	229.5577	1.467846	4.155066	1.088125
2478	-885.8479	-1114.775	228.9268	1.550211	5.848935	1.151577
2484	-889.6492	-1119.28	229.6306	1.188984	3.345485	1.493382
2490	-896.2589	-1124.686	228.4267	1.110471	5.831231	1.86466
2496	-882.971	-1112.568	229.5971	1.355945	4.215457	1.136191
2502	-899.5379	-1128.59	229.0518	1.029948	5.213368	1.593769
2508	-892.9665	-1122.256	229.2892	1.164498	4.688089	1.426778
2514	-891.8034	-1120.831	229.0279	1.182215	7.274869	1.103462
2520	-886.156	-1114.606	228.4503	1.267885	9.975677	1.109921
2526	-886.6548	-1115.656	229.001	1.38904	5.499918	1.299618
2532	-883.1467	-1112.156	229.0092	1.128249	5.499918	1.49645
2538	-878.7191	-1106.951	228.2315	0.8239021	5.628303	2.217626
2544	-893.1914	-1121.648	228.4565	0.9421674	4.394744	2.219823
2550	-899.1408	-1128.302	229.161	1.277123	5.71479	1.214174
2556	-901.175	-1129.97	228.7947	1.44907	6.305183	1.257818
2562	-898.3072	-1126.959	228.652	1.394177	6.999635	1.293716
2568	-907.2151	-1136.378	229.1628	1.342111	5.828793	1.131179
2574	-891.0167	-1119.932	228.9154	1.451169	6.410964	1.131179
2580	-890.2276	-1119.67	229.4423	1.430154	5.153153	0.9456054
2586	-886.6709	-1115.931	229.2601	1.553898	5.690968	0.8522235
2592	-894.1665	-1123.146	228.9793	1.577043	6.762319	0.8600243
2598	-880.4696	-1109.644	229.1744	1.309912	6.004018	1.11116
2604	-880.1069	-1109.362	229.2553	1.452944	4.89876	1.16947
2610	-876.9937	-1105.585	228.5914	1.159907	7.162024	1.49708
2616	-878.5965	-1107.778	229.1814	0.9757046	4.799087	1.623372
2622	-886.4582	-1115.785	229.3272	1.231173	3.904269	1.536071
2628	-897.6212	-1127.105	229.4837	1.423051	5.046236	0.9404583
2634	-901.3302	-1130.568	229.2378	1.534297	5.969138	0.8188237
2640	-887.1559	-1116.697	229.5414	1.747624	4.312535	0.7346059
2646	-884.5386	-1113.737	229.198	1.662788	6.089339	0.6249804
2652	-877.41	-1106.242	228.8318	1.660332	7.83748	0.61005
2658	-877.6316	-1106.377	228.7455	1.539587	7.83748	0.9177505
2664	-881.3797	-1110.169	228.7893	1.221137	5.983315	1.500926
2670	-887.2186	-1116.181	228.9628	1.185164	5.156818	1.556508
2676	-885.9202	-1114.936	229.0162	1.185164	4.874985	1.575237
2682	-883.0665	-1112.037	228.971	1.497973	7.08123	0.8824025
2688	-895.988	-1125.233	229.2447	1.439227	5.89185	0.9427989
2694	-886.7409	-1116.116	229.3752	1.236953	4.134172	1.437441
2700	-891.2867	-1120.474	229.1876	1.156048	4.498372	1.55257
2706	-883.7655	-1113.353	229.5874	1.3392	4.498372	1.079282
2712	-884.8137	-1114.171	229.3572	1.310574	5.384351	1.0862
2718	-885.3676	-1114.891	229.5229	1.186248	5.229267	1.0862
2724	-885.0758	-1113.815	228.7388	1.042803	7.898107	1.360456
2730	-884.2732	-1113.087	228.814	1.078436	7.540483	1.327985
2736	-879.7174	-1108.9	229.1825	1.218232	4.620297	1.482459
2742	-890.3385	-1119.28	228.9411	0.9428586	6.279514	1.542813
2748	-880.1599	-1108.858	228.698	1.145859	5.283715	1.749998
2754	-875.3041	-1104.552	229.2476	1.080234	4.841608	1.488445
2760	-911.0945	-1139.837	228.7426	1.082416	4.812116	1.853926
2766	-889.7334	-1118.221	228.4879	1.267516	6.259578	1.639922
2772	-881.9963	-1111.204	229.2081	1.406696	5.048129	1.213699
2778	-898.5251	-1127.329	228.8037	1.545152	7.301043	0.9636907
2784	-896.7896	-1125.681	228.8916	1.316415	7.87312	0.9914633
2790	-895.6577	-1124.537	228.8792	1.553251	7.358701	0.8577241
2796	-889.1984	-1118.228	229.0292	1.644924	6.251117	0.8571984
2802	-899.4397	-1128.85	229.4107	1.398856	4.488476	1.186772
2808	-880.2452	-1109.057	228.8119	1.311414	6.846449	1.25731
2814	-886.8942	-1115.552	228.6579	1.507553	5.867665	1.404177
2820	-890.9861	-1119.895	228.9092	1.249602	5.111627	1.557684
2826	-878.9988	-1107.919	228.92	1.171762	5.741163	1.48458
2832	-898.0879	-1127.725	229.6369	1.180405	4.774233	1.104179
2838	-901.7547	-1131.368	229.613	1.557115	3.777054	1.072874
2844	-893.9856	-1122.944	228.9586	1.528655	6.134705	1.079704
2850	-890.4249	-1119.665	229.2403	1.729467	4.875637	0.924484
2856	-907.2474	-1136.586	229.3382	1.380566	4.875637	1.166078
2862	-903.6109	-1132.971	229.3602	1.503727	4.75848	1.065194
2868	-899.732	-1128.601	228.8691	1.44097	7.444653	0.9735055
2874	-894.4762	-1123.624	229.1479	1.148424	6.115352	1.251166
2880	-891.9295	-1120.873	228.943	1.202082	5.808732	1.431185
2886	-882.751	-1111.828	229.0773	1.067835	5.808732	1.431185
2892	-901.3756	-1130.32	228.9448	1.337523	7.597058	0.970749
2898	-899.3241	-1128.552	229.2276	1.245	5.785926	1.169165
2904	-896.1439	-1124.903	228.7594	1.268448	7.991967	1.140025
2910	-890.1499	-1119.375	229.2249	1.424704	6.197521	0.9002395
2916	-886.503	-1115.529	229.0258	1.294846	6.197521	1.214318
2922	-890.8547	-1119.811	228.9565	1.045871	7.447955	1.253377
2928	-888.5063	-1117.51	229.0035	1.238503	7.447955	1.040554
2934	-904.6326	-1133.562	228.9298	0.9792893	5.085046	1.742206
2940	-886.6227	-1115.464	228.841	0.9178468	5.652348	1.742206
2946	-877.5086	-1106.578	229.0692	1.231042	5.645036	1.341938
2952	-880.6398	-1109.765	229.1249	1.345066	5.645036	1.202029
2958	-882.0654	-1110.92	228.8547	1.241531	7.286224	1.202029
2964	-885.2394	-1114.179	228.9399	1.096255	6.260401	1.431475
2970	-889.7995	-1118.879	229.0797	1.272315	5.690177	1.291
2976	-883.1175	-1112.013	228.8959	1.210243	6.140659	1.399152
2982	-885.7005	-1114.918	229.2176	1.357634	4.69867	1.328916
2988	-889.3929	-1118.033	228.6397	1.192061	7.445146	1.391109
2994	-897.3376	-1125.833	228.4951	1.196399	6.60361	1.629506
3000	-896.163	-1125.233	229.0697	1.595219	6.60361	0.7641864
3006	-888.8015	-1118.027	229.226	1.448479	6.008065	0.9226076
3012	-893.3653	-1122.119	228.7541	1.346893	8.115056	1.051261
3018	-909.6343	-1138.847	229.2126	1.568971	5.887019	0.8322434
3024	-911.6219	-1141.24	229.6179	1.498397	4.645589	0.8322434
3030	-879.8525	-1109.063	229.2102	1.617723	5.407655	0.9199992
3036	-879.8895	-1108.811	228.9215	1.4445	7.097355	0.9894057
3042	-890.8969	-1119.815	228.9181	1.253878	7.215637	1.148695
3048	-891.4096	-1120.029	228.6197	1.49665	8.130272	1.033789
3054	-887.263	-1116.754	229.4914	1.269861	5.473824	0.9723755
3060	-885.5318	-1115.006	229.4738	1.276768	5.674044	0.9294492
3066	-883.471	-1112.469	228.998	1.34917	5.910222	1.249934
3072	-886.4673	-1115.162	228.695	1.573639	8.270294	0.8420152
3078	-882.2096	-1111.417	229.2074	1.467459	6.681061	0.722694
3084	-884.474	-1113.698	229.224	1.496709	5.474584	1.012989
3090	-889.0073	-1117.579	228.5712	1.347761	7.95522	1.239957
3096	-888.4495	-1118.228	229.7783	1.734039	3.537706	0.7956211
3102	-888.6162	-1118.653	230.0364	1.500861	3.401005	0.8303317
3108	-892.4052	-1121.691	229.2855	1.593107	5.554014	0.8151555
3114	-884.9234	-1114.699	229.7755	1.227567	4.058208	1.137519
3120	-892.716	-1121.137	228.4206	1.3178	8.897294	1.247517
3126	-886.8473	-1115.716	228.8688	1.389879	7.756749	0.962723
3132	-884.4784	-1113.202	228.7234	1.206706	6.789914	1.42137
3138	-887.3617	-1116.442	229.0804	1.273594	5.060587	1.42137
3144	-894.0171	-1122.995	228.9775	1.36074	5.877132	1.264102
3150	-900.9007	-1129.939	229.0387	1.341854	7.534213	0.8772462
3156	-884.6905	-1114.272	229.5818	1.186347	4.221203	1.291933
3162	-885.5167	-1114.473	228.9567	1.519157	5.65378	1.195094
3168	-877.6343	-1106.696	229.0613	1.436279	5.887456	1.124816
3174	-882.4309	-1111.599	229.1682	1.267845	6.334431	1.083912
3180	-885.6429	-1114.568	228.9254	1.405694	6.623329	1.120048
3186	-892.4508	-1121.636	229.1851	1.301119	6.408022	1.019976
3192	-881.0275	-1110.16	229.1328	1.14264	5.613005	1.368031
3198	-896.4407	-1125.775	229.3339	1.30115	3.400675	1.613741
3204	-891.4838	-1120.613	229.1295	1.011114	3.78958	1.860759
3210	-883.0259	-1111.679	228.6532	1.03349	6.597547	1.633911
3216	-890.9171	-1119.574	228.6569	0.9678762	7.008582	1.614073
3222	-890.9848	-1119.629	228.6441	0.9588107	7.504409	1.555408
3228	-882.6435	-1111.477	228.8332	1.20257	7.504409	1.215767
3234	-884.7063	-1113.59	228.8837	0.9437809	5.884972	1.652489
3240	-890.7932	-1119.586	228.7932	1.303422	6.276558	1.381709
3246	-882.1641	-1111.193	229.029	1.26657	5.467527	1.381709
3252	-879.5582	-1108.705	229.1467	1.366897	5.687042	1.154932
3258	-875.7548	-1104.664	228.9092	1.330813	7.154975	1.098802
3264	-876.7251	-1106.308	229.583	1.24399	4.376383	1.201672
3270	-892.2211	-1121.235	229.0137	1.440995	6.360712	1.060781
3276	-898.4779	-1127.569	229.0911	1.156575	4.826686	1.551376
3282	-890.8981	-1120.084	229.1858	1.234887	5.982759	1.172298
3288	-878.6882	-1107.585	228.8972	1.150973	6.249193	1.424281
3294	-885.7916	-1114.602	228.8103	1.175915	6.855341	1.36656
3300	-893.4413	-1122.71	229.2684	1.358757	6.146381	0.9380803
3306	-891.7678	-1120.763	228.995	1.64653	6.257186	0.8935933
3312	-891.6048	-1120.769	229.1646	1.646127	6.34018	0.6012183
3318	-892.2645	-1121.396	229.1319	1.646127	6.468907	0.6104637
3324	-901.8962	-1131.058	229.1623	1.744872	4.815456	1.007403
3330	-889.3506	-1118.115	228.7641	1.653563	8.292183	0.573282
3336	-887.7871	-1117.236	229.4488	1.470414	5.511612	0.7752035
3342	-883.0289	-1111.964	228.9348	1.270649	6.036089	1.340591
3348	-900.2433	-1129.251	229.0078	1.235699	5.879234	1.340591
3354	-893.7455	-1122.257	228.5117	1.329629	7.89966	1.312519
3360	-876.8201	-1106.137	229.317	1.394447	4.981145	1.146153
3366	-881.5609	-1110.825	229.2637	1.219969	5.599082	1.200314
3372	-877.827	-1106.968	229.1414	1.257758	4.844646	1.43356
3378	-887.5293	-1116.79	229.2602	1.305923	5.436337	1.165335
3384	-882.6904	-1112.156	229.4654	1.324672	5.506874	0.9329845
3390	-887.5439	-1117.17	229.6264	1.178731	4.913037	1.078502
3396	-898.477	-1127.123	228.6458	1.303634	6.500987	1.455643
3402	-896.8416	-1126.064	229.2219	1.048776	7.249762	1.051738
3408	-896.4608	-1125.264	228.8029	1.155009	6.322071	1.480227
3414	-884.3637	-1113.057	228.6933	1.374633	7.759536	1.144091
3420	-873.4023	-1101.846	228.4437	1.19807	10.22135	1.144091
3426	-883.1227	-1112.111	228.9886	1.19807	5.90341	1.380795
3432	-895.31	-1124	228.6895	1.090762	6.651821	1.557003
3438	-892.7647	-1121.297	228.5322	1.167271	7.251972	1.521891
3444	-881.693	-1110.87	229.1775	1.376205	6.057539	1.034095
3450	-888.8946	-1118.136	229.2414	1.382904	5.678185	1.055786
3456	-898.6289	-1127.544	228.9154	1.531247	7.214709	0.875924
3462	-891.5687	-1120.18	228.6109	1.531247	7.214709	1.175117
3468	-890.244	-1118.971	228.7268	1.531029	8.794712	0.7262747
3474	-889.6785	-1117.79	228.1117	1.745172	9.977088	0.9763967
3480	-884.7816	-1113.044	228.2626	1.898168	9.808494	0.5587525
3486	-895.0103	-1123.472	228.4615	1.753197	9.47655	0.5587525
3492	-890.1776	-1118.849	228.671	1.650095	7.837145	0.877121
3498	-897.9088	-1126.772	228.8634	1.850362	6.744768	0.6180517
3504	-892.3025	-1121.18	228.8772	1.257391	7.584021	1.115305
3510	-897.9105	-1126.893	228.9824	1.417149	6.242917	1.136456
3516	-891.4187	-1120.444	229.0251	1.310338	6.850966	1.070111
3522	-898.2556	-1127.108	228.8519	1.791649	7.085654	0.6100303
3528	-900.0631	-1129.143	229.0798	1.807412	5.936344	0.6491021
3534	-906.3935	-1135.397	229.0032	1.522624	7.498693	0.68302
3540	-896.4285	-1125.651	229.2223	1.404814	6.183253	0.9286781
3546	-902.5404	-1131.033	228.4923	1.657068	9.417582	0.7299563
3552	-903.4103	-1132.618	229.208	1.558908	5.893965	0.8482437
3558	-900.9161	-1129.794	228.8781	1.400781	8.124265	0.862587
3564	-898.6066	-1127.348	228.7417	1.548756	8.411369	0.7797232
3570	-908.6359	-1137.279	228.6432	1.687768	8.08764	0.8061176
3576	-902.6684	-1131.147	228.4783	1.449444	10.20359	0.8594186
3582	-916.5123	-1145.124	228.6118	1.537707	9.132136	0.7990898
3588	-888.2067	-1116.776	228.5691	1.512704	8.086072	1.074558
3594	-893.4101	-1121.936	228.5255	1.219775	8.086072	1.360934
3600	-897.9055	-1126.411	228.506	1.232775	7.782589	1.411433
3606	-894.3575	-1123.066	228.709	1.47037	6.887982	1.202495
3612	-884.7895	-1113.44	228.6506	1.169892	7.290913	1.424168
3618	-888.5515	-1117.122	228.5704	1.357425	7.290913	1.340078
3624	-887.1954	-1116.53	229.3345	1.105592	4.751851	1.42282
3630	-887.3125	-1115.914	228.6013	1.203587	7.376143	1.42282
3636	-891.8678	-1120.644	228.776	1.182704	7.030669	1.358634
3642	-892.8878	-1121.907	229.0193	1.081803	5.650204	1.494812
3648	-889.3838	-1118.376	228.9924	1.292358	4.9631	1.494812
3654	-886.6977	-1115.636	228.9388	1.330018	6.716314	1.157271
3660	-883.6307	-1112.406	228.7757	1.243327	6.130211	1.467936
3666	-893.1116	-1122.025	228.9131	1.251119	6.04128	1.372241
3672	-885.1413	-1114.309	229.1672	1.17523	4.943399	1.455384
3678	-884.132	-1113.071	228.9387	1.303294	6.450034	1.23152
3684	-882.5373	-1111.127	228.5897	1.579362	8.924579	0.820047
3690	-893.8203	-1122.62	228.7992	1.519348	7.632377	0.9249412
3696	-887.6447	-1116.672	229.0278	1.345719	7.358521	0.9249412
3702	-879.4073	-1108.721	229.3136	1.354534	4.008845	1.426382
3708	-880.8204	-1109.623	228.8027	1.214749	6.662112	1.375161
3714	-875.563	-1104.68	229.1172	1.551312	5.76807	0.9904801
3720	-891.9878	-1121.123	229.1351	1.814116	5.76807	0.5970807
3726	-875.7966	-1104.944	229.1478	1.814116	5.76807	0.5461306
3732	-884.2966	-1113.703	229.4068	1.716632	4.788588	0.7664969
3738	-891.9322	-1121.364	229.432	1.555546	5.304691	0.7549807
3744	-888.6465	-1117.762	229.1157	1.362133	5.635153	1.197416
3750	-890.0923	-1118.837	228.7448	0.8189407	5.216189	1.954356
3756	-895.7117	-1124.652	228.9407	0.9545116	4.104724	1.954356
3762	-890.9055	-1120.119	229.2135	0.9039684	4.222631	1.776186
3768	-900.4886	-1129.27	228.7812	1.122756	4.929661	1.776186
3774	-893.5687	-1122.829	229.2604	1.147645	4.503567	1.503519
3780	-895.0206	-1123.989	228.9685	1.191702	4.848655	1.610749
3786	-887.9415	-1117.438	229.4962	1.038875	3.332986	1.704046
3792	-899.3821	-1128.611	229.229	1.274242	4.385176	1.459275
3798	-897.4273	-1126.478	229.0508	1.237924	5.078032	1.467585
3804	-895.1889	-1124.45	229.2606	1.433955	5.486172	1.035645
3810	-895.0407	-1124.4	229.3597	1.398447	4.589532	1.204652
3816	-886.1719	-1114.445	228.2735	1.050349	6.758037	1.863327
3822	-899.7403	-1128.387	228.6467	1.018237	4.928778	1.93987
3828	-894.0004	-1123.291	229.2902	1.117567	4.298356	1.551222
3834	-887.5052	-1116.567	229.062	0.8460589	5.199775	1.720781
3840	-887.2517	-1116.591	229.3389	1.33007	4.53469	1.292795
3846	-894.7684	-1124.215	229.4462	1.297447	4.052656	1.355984
3852	-906.0502	-1135.586	229.536	1.388004	4.422792	1.10321
3858	-898.3611	-1127.188	228.827	1.327936	5.679754	1.448356
3864	-880.9776	-1110.41	229.4328	1.171773	4.482061	1.357448
3870	-894.3844	-1123.523	229.1389	1.056917	4.017819	1.768516
3876	-879.8934	-1108.862	228.9682	0.9847173	4.797494	1.768516
3882	-882.3626	-1110.904	228.5416	1.031197	6.683781	1.701601
3888	-878.585	-1107.532	228.9475	0.9632482	5.290628	1.701601
3894	-881.504	-1110.084	228.5802	0.97572	7.448728	1.598017
3900	-891.9153	-1121.055	229.1399	1.123629	4.55771	1.598017
3906	-888.8001	-1117.891	229.0907	1.067728	4.916001	1.598017
3912	-885.3128	-1114.347	229.0345	1.123968	4.916001	1.598017
3918	-889.827	-1118.961	229.1337	1.2892	6.09448	1.146782
3924	-887.407	-1116.918	229.5114	1.294659	3.777008	1.381234
3930	-888.5271	-1117.794	229.2666	1.319096	5.110434	1.223764
3936	-880.2356	-1109.603	229.3676	1.241294	5.856956	1.027768
3942	-872.3861	-1101.631	229.2451	1.486843	5.327612	1.039802
3948	-884.254	-1113.19	228.9356	1.370369	7.139771	1.039802
3954	-879.576	-1109.088	229.5122	1.421184	5.575797	0.7293558
3960	-885.9307	-1114.955	229.0242	1.473669	5.197744	1.277101
3966	-889.4959	-1118.033	228.5372	1.529376	8.343586	1.043607
3972	-892.6151	-1121.964	229.3488	1.457305	5.961254	0.7757449
3978	-894.7752	-1124.064	229.2889	1.417159	5.65931	0.9801234
3984	-888.1965	-1116.985	228.7887	1.130825	7.364386	1.334693
3990	-890.9726	-1119.875	228.9026	1.130825	5.777643	1.521445
3996	-890.4158	-1119.681	229.265	1.168722	5.2303	1.322021
4002	-900.1178	-1129.018	228.9	1.405829	5.937651	1.278586
4008	-895.6308	-1124.33	228.6996	1.284025	6.857723	1.368138
4014	-901.8391	-1130.988	229.1487	0.9579315	6.946309	1.253285
4020	-895.591	-1124.746	229.155	1.246821	4.955379	1.407168
4026	-895.6349	-1124.878	229.243	1.404125	4.364276	1.352653
4032	-892.7999	-1121.841	229.0408	1.164629	4.976261	1.551133
4038	-890.1465	-1119.327	229.1807	1.061389	4.477771	1.631184
4044	-891.1681	-1119.798	228.6302	1.167488	9.060632	1.173038
4050	-893.6357	-1122.655	229.0197	1.241106	6.670944	1.173038
4056	-877.5552	-1106.565	229.01	1.341143	7.755918	0.8603817
4062	-879.2194	-1108.198	228.9784	1.342942	6.578709	1.137752
4068	-887.6233	-1116.089	228.4659	1.372394	10.14945	0.9677254
4074	-890.2027	-1118.474	228.2717	1.245226	13.44827	0.8157639
4080	-887.2668	-1115.561	228.2945	1.590511	10.71701	0.8157639
4086	-882.8998	-1111.968	229.0685	1.385845	7.446066	0.8082603
4092	-900.8677	-1130.001	229.133	1.662646	5.722418	0.8647138
4098	-887.7616	-1116.827	229.065	1.494257	5.479415	1.161507
4104	-893.5126	-1122.3	228.7876	1.24806	7.177943	1.27158
4110	-884.5548	-1113.413	228.8582	1.293028	6.516465	1.294244
4116	-880.566	-1109.181	228.6148	1.431653	8.388487	1.054974
4122	-888.1815	-1116.855	228.6739	1.32428	7.239048	1.291985
4128	-886.2561	-1115.052	228.7963	1.549639	7.227	0.9823794
4134	-891.4642	-1120.001	228.5365	1.5135	9.516956	0.8440561
4140	-889.1607	-1118.018	228.8573	1.69825	6.707714	0.8750651
4146	-891.3054	-1119.849	228.5441	1.364657	8.886339	1.100704
4152	-886.6865	-1115.376	228.6893	1.43899	7.736306	1.093657
4158	-892.2107	-1121.145	228.9346	1.550504	7.305758	0.8052996
4164	-908.6975	-1137.775	229.077	1.344295	4.97717	1.387179
4170	-902.6705	-1131.819	229.1483	1.270791	6.272433	1.112669
4176	-904.2902	-1133.177	228.8872	1.076735	6.494243	1.44576
4182	-893.8499	-1122.977	229.1269	1.400998	6.269442	1.010339
4188	-885.7316	-1114.587	228.8557	1.319101	5.823059	1.405525
4194	-878.672	-1107.363	228.6906	1.280713	6.427078	1.451753
4200	-879.9135	-1108.685	228.7712	1.230748	6.427078	1.428235
4206	-889.8258	-1118.573	228.7471	1.284412	7.301769	1.253867
4212	-892.8431	-1121.513	228.67	1.447479	8.527435	0.9594157
4218	-911.6014	-1139.99	228.3883	1.413803	5.07647	1.818193
4224	-899.1635	-1128.124	228.9602	1.365464	5.402214	1.371462
4230	-908.9553	-1137.85	228.8948	1.614769	6.006915	1.087321
4236	-894.4641	-1124.067	229.6033	1.238649	4.597412	1.1292
4242	-883.438	-1112.616	229.1783	1.203328	6.029484	1.196405
4248	-881.2197	-1109.873	228.6534	1.63021	8.447852	0.78001
4254	-909.4463	-1138.865	229.4187	1.164639	4.354523	1.405129
4260	-897.5337	-1126.033	228.4994	1.162105	6.179084	1.72022
4266	-894.3946	-1123.255	228.8607	1.045096	5.252126	1.712444
4272	-889.7896	-1118.663	228.8733	1.119616	6.543171	1.414992
4278	-888.8104	-1117.634	228.8238	0.9551978	6.14008	1.643156
4284	-882.6106	-1111.642	229.0315	1.005573	4.217162	1.833046
4290	-894.8717	-1124.941	230.0693	1.304697	3.215758	1.079644
4296	-896.8892	-1126.247	229.3575	1.444608	5.063977	1.041202
4302	-893.5552	-1123.275	229.7199	1.417064	3.969438	1.041202
4308	-895.011	-1124.625	229.6138	1.417064	4.775558	0.888609
4314	-903.4937	-1132.393	228.8992	1.286786	5.66492	1.427444
4320	-894.0286	-1123.636	229.6069	1.990159	3.643221	0.4609569
4326	-888.6274	-1117.769	229.1417	1.957377	5.241879	0.4609569
4332	-893.3769	-1122.513	229.1359	1.496694	6.830456	0.7380048
4338	-894.8824	-1124.475	229.5922	1.622464	4.748662	0.6232682
4344	-885.203	-1114.815	229.6124	1.624219	4.335115	0.7996849
4350	-888.2877	-1117.606	229.3185	1.571913	4.684445	1.060672
4356	-889.0433	-1117.927	228.8835	1.023862	5.907334	1.590802
4362	-880.8626	-1110.242	229.3791	1.331807	5.735838	0.9552167
4368	-891.2373	-1120.453	229.2157	1.384182	4.507047	1.355119
4374	-897.5512	-1126.829	229.2776	1.233072	6.202256	1.042495
4380	-882.7651	-1112.226	229.4605	1.323397	5.613711	0.9097147
4386	-888.5766	-1117.945	229.3687	1.726293	5.158328	0.6328062
4392	-892.9401	-1122.184	229.2441	1.487721	5.250571	1.059615
4398	-898.19	-1127.536	229.3458	1.45012	5.701934	0.8705544
4404	-903.8246	-1133.101	229.2763	1.451796	5.042539	1.115766
4410	-896.5167	-1124.983	228.4662	1.064264	7.389458	1.625136
4416	-889.0941	-1118.025	228.9307	1.326242	6.754864	1.16028
4422	-895.9005	-1124.217	228.3168	1.20124	5.078502	2.010148
4428	-896.6396	-1125.487	228.847	0.9970336	5.700364	1.673417
4434	-890.7439	-1119.625	228.881	1.082711	6.185058	1.499852
4440	-880.0332	-1109.005	228.9716	1.195214	6.185058	1.343143
4446	-888.2762	-1117.969	229.6927	1.158246	4.428639	1.166815
4452	-885.8847	-1115.022	229.1369	1.36534	6.165092	1.058859
4458	-892.7018	-1122.269	229.5676	0.9710759	5.027862	1.281931
4464	-882.9709	-1112.065	229.0943	0.8679564	5.483317	1.628446
4470	-899.0374	-1127.671	228.6335	0.8803988	6.642093	1.749608
4476	-899.6954	-1129.047	229.3513	0.9635697	5.315901	1.397848
4482	-885.179	-1114.356	229.1771	1.179736	5.16057	1.397848
4488	-902.9863	-1131.763	228.7767	1.469684	6.382774	1.240724
4494	-886.0369	-1115.407	229.37	1.021347	5.293732	1.342301
4500	-891.838	-1121.323	229.4846	1.251158	3.894456	1.404176
4506	-903.7709	-1132.917	229.1465	1.118099	4.751511	1.555007
4512	-903.0112	-1132.751	229.7399	1.23991	3.848919	1.219504
4518	-892.3493	-1121.409	229.0597	1.172271	4.474848	1.639155
4524	-901.0046	-1130.039	229.0345	1.110487	6.435167	1.314228
4530	-903.9651	-1133.081	229.1158	1.653625	5.527709	0.94934
4536	-884.4461	-1113.636	229.1896	1.653625	5.247772	0.94934
4542	-886.9721	-1116.406	229.4335	1.294397	5.412825	1.021807
4548	-884.9175	-1114.372	229.4548	1.408336	4.91803	1.021807
4554	-890.8432	-1120.423	229.5802	1.462756	4.902152	0.8304797
4560	-870.1543	-1099.355	229.2011	1.471354	5.90271	0.9521966
4566	-877.8913	-1106.648	228.7562	1.682836	6.7026	1.001236
4572	-878.8181	-1107.626	228.8081	1.561964	7.747515	0.8393262
4578	-884.7934	-1113.552	228.7587	1.139463	8.163928	1.224269
4584	-882.5998	-1111.414	228.8145	1.301172	7.737367	1.105065
4590	-893.2601	-1122.24	228.9795	1.399727	6.982515	1.000539
4596	-896.9497	-1126.08	229.1305	1.218052	5.871657	1.256628
4602	-894.9115	-1124.145	229.233	1.306879	5.871657	1.089705
4608	-897.1403	-1125.745	228.6052	1.311361	8.34469	1.179938
4614	-883.9382	-1112.915	228.9767	1.418322	7.317669	0.9105464
4620	-884.1092	-1113.325	229.2154	1.347683	6.332707	0.9597491
4626	-893.4243	-1122.586	229.1613	1.304397	6.188809	1.087888
4632	-896.3558	-1125.928	229.5722	1.236397	4.532626	1.175923
4638	-906.085	-1135.248	229.1635	1.324352	6.733179	0.9441055
4644	-902.2323	-1131.452	229.2201	1.225249	5.499072	1.254373
4650	-884.2539	-1113.565	229.3115	1.032132	4.522162	1.547206
4656	-893.7136	-1122.729	229.0158	1.025171	6.008556	1.473347
4662	-905.2626	-1134.791	229.5282	1.40776	4.404578	1.09738
4668	-899.9837	-1129.393	229.4092	1.386052	4.526028	1.189235
4674	-892.7854	-1121.583	228.7974	1.26173	5.508421	1.553057
4680	-891.5552	-1120.578	229.0231	1.291711	5.508421	1.358168
4686	-891.6781	-1120.984	229.3062	1.37332	4.839305	1.208948
4692	-891.7624	-1120.418	228.6554	1.235062	7.07006	1.405561
4698	-877.5026	-1106.29	228.7873	1.517747	7.07006	1.054722
4704	-887.9274	-1117.097	229.1696	1.460565	5.779035	1.025793
4710	-886.0999	-1114.944	228.8441	1.408655	6.016797	1.306276
4716	-894.0415	-1123.135	229.0932	1.406651	6.387255	1.011221
4722	-897.4064	-1126.408	229.0014	1.379881	7.399113	0.9073522
4728	-888.7926	-1118.121	229.3286	1.43527	6.053282	0.8030915
4734	-893.3242	-1121.939	228.6144	1.545835	6.981756	1.201657
4740	-897.9568	-1126.607	228.6502	1.201364	4.520904	1.894767
4746	-904.5322	-1132.716	228.1839	1.177542	6.10976	1.938069
4752	-892.9092	-1121.751	228.8416	1.654234	7.682961	0.6704607
4758	-883.255	-1112.567	229.3119	1.762089	5.239953	0.6300237
4764	-894.5586	-1123.953	229.3943	1.866809	4.622317	0.5981806
4770	-890.6731	-1119.815	229.1421	1.451485	6.733237	0.8220131
4776	-883.3407	-1112.445	229.1039	1.49267	6.13724	0.9724205
4782	-891.6301	-1120.821	229.1913	1.272555	5.856007	1.161587
4788	-890.7376	-1119.624	228.8863	1.178628	6.930869	1.290411
4794	-897.3675	-1126.707	229.3393	1.035076	5.317873	1.350676
4800	-897.7841	-1126.56	228.7755	1.248504	5.88195	1.509291
4806	-898.3795	-1127.916	229.5362	1.399072	5.009249	0.9208489
4812	-885.2935	-1114.883	229.5891	1.31035	4.163394	1.19781
4818	-886.0206	-1115.627	229.6061	1.345029	3.554115	1.330127
4824	-893.3008	-1122.575	229.2742	1.575695	5.070751	0.9923743
4830	-892.3525	-1121.856	229.5039	1.422369	4.790084	0.9956107
4836	-897.9076	-1127.354	229.446	1.448041	5.54327	0.7984008
4842	-905.7017	-1134.846	229.1447	1.409233	6.153937	1.011396
4848	-897.9664	-1127.309	229.3423	1.262031	4.976196	1.239597
4854	-889.061	-1118.056	228.9947	1.340341	5.405351	1.363482
4860	-892.2636	-1121.523	229.259	1.257045	4.667844	1.38299
4866	-874.8587	-1104.217	229.3585	1.391033	5.206968	1.05396
4872	-880.2868	-1109.603	229.3163	1.296992	4.890525	1.252391
4878	-890.4052	-1119.876	229.471	1.276315	4.216629	1.310012
4884	-880.5399	-1109.754	229.2137	1.284419	5.64308	1.178185
4890	-881.3848	-1110.365	228.9801	1.145655	7.031451	1.22204
4896	-891.8909	-1121.611	229.7204	1.40238	4.255247	0.9614101
4902	-882.6995	-1112.079	229.3793	1.19563	4.74017	1.319371
4908	-893.4803	-1122.7	229.2199	1.349102	4.74017	1.324113
4914	-881.8061	-1111.137	229.3312	1.53371	5.078402	0.9749051
4920	-886.6217	-1115.738	229.1162	1.682103	5.108213	1.033121
4926	-888.805	-1117.844	229.0388	1.205549	5.599636	1.39511
4932	-898.1389	-1127.689	229.5503	1.14064	4.473872	1.290102
4938	-901.4604	-1130.429	228.9681	1.248199	6.254456	1.290102
4944	-894.2683	-1123.11	228.8414	1.296549	8.198589	1.000013
4950	-896.2274	-1126.007	229.7798	1.383136	4.406693	0.8640426
4956	-909.7233	-1138.731	229.0076	1.521934	6.477062	0.9602874
4962	-900.6019	-1129.671	229.0689	1.306344	4.420035	1.547091
4968	-893.0877	-1122.32	229.2322	1.342763	4.965594	1.266451
4974	-885.2785	-1113.729	228.45	0.9281013	4.965594	2.12324
4980	-878.1227	-1107.331	229.2083	1.146334	4.625268	1.515927
4986	-890.8378	-1120.132	229.2938	1.174076	5.846476	1.160186
4992	-886.7116	-1115.765	229.0537	1.148964	5.135892	1.520267
4998	-888.0352	-1117.315	229.2793	1.152499	5.232089	1.32318
5004	-888.7316	-1118.113	229.3816	1.186202	5.349892	1.183711
5010	-888.1948	-1117.354	229.1588	1.203884	5.349892	1.35316
5016	-882.8552	-1111.902	229.0473	1.095979	4.139683	1.777017
5022	-888.5223	-1117.59	229.0677	0.936296	3.623657	1.993136
5028	-885.6169	-1114.473	228.8564	0.9908766	5.560996	1.696338
5034	-900.2308	-1129.345	229.1142	1.03371	4.754958	1.639234
5040	-899.8164	-1129.026	229.2096	1.322631	4.63633	1.377722
5046	-895.1324	-1124.191	229.0589	1.322631	5.16429	1.377722
5052	-890.0673	-1119.632	229.5645	1.465505	4.424394	1.001676
5058	-886.5936	-1116.164	229.5705	1.476462	3.192037	1.365299
5064	-883.4237	-1113.073	229.6491	1.466917	3.649487	1.1631
5070	-884.7938	-1114.146	229.3523	1.466917	4.546219	1.1631
5076	-879.7514	-1108.928	229.1768	1.375219	6.268956	0.9863047
5082	-879.0245	-1107.995	228.9703	1.384049	5.557737	1.316437
5088	-872.4181	-1101.988	229.5698	0.9441436	3.836642	1.585933
5094	-887.0721	-1116.257	229.1852	1.082542	3.084674	1.956908
5100	-882.6954	-1111.53	228.8344	0.9698989	4.733387	1.883736
5106	-895.8156	-1124.977	229.1609	0.9379325	3.587986	1.938277
5112	-893.0277	-1122.093	229.0648	1.104784	3.979787	1.795647
5118	-886.1151	-1115.791	229.676	1.197562	3.75561	1.333779
5124	-892.4312	-1120.998	228.5671	0.9278147	5.778794	1.902265
5130	-885.3401	-1114.241	228.9014	0.813467	4.949046	1.902265
5136	-899.3584	-1127.846	228.4878	1.176509	4.68347	1.988023
5142	-896.0306	-1125.26	229.2296	0.9412504	4.305334	1.720318
5148	-882.7283	-1111.63	228.9019	1.03354	4.439955	1.854528
5154	-880.0332	-1108.87	228.8363	0.9963946	5.80182	1.663404
5160	-893.0864	-1121.834	228.7475	1.074908	7.890855	1.329125
5166	-896.8766	-1126.364	229.4877	1.105302	4.832954	1.282805
5172	-905.7686	-1134.957	229.1885	1.228055	5.299919	1.32082
5178	-906.1821	-1134.76	228.5781	1.085578	6.498089	1.666445
5184	-889.9443	-1118.684	228.74	1.087188	6.498089	1.547747
5190	-885.0198	-1113.464	228.4438	1.005237	8.362004	1.547747
5196	-899.7924	-1128.181	228.3887	0.8629747	6.723483	1.917554
5202	-887.3256	-1115.591	228.265	0.7784723	4.768702	2.374798
5208	-887.0172	-1115.494	228.4766	0.8687762	4.409462	2.251201
5214	-889.7504	-1119.207	229.4571	1.190868	4.934692	1.212639
5220	-886.8507	-1115.822	228.9718	1.381238	6.740529	1.076153
5226	-880.5868	-1109.263	228.6757	1.353996	8.793922	1.000651
5232	-896.2044	-1125.002	228.7977	1.217866	6.497973	1.405293
5238	-892.6551	-1121.237	228.5817	1.300139	8.674858	1.15823
5244	-885.5247	-1114.407	228.8823	1.533722	7.386757	0.8704406
5250	-891.9411	-1120.864	228.9228	1.249022	8.416032	0.9229144
5256	-882.2229	-1111.101	228.8781	1.456606	7.63029	0.9076186
5262	-882.4095	-1111.156	228.747	1.523371	7.63029	0.9763036
5268	-884.1484	-1113.39	229.2412	1.498147	5.033325	1.107933
5274	-893.4428	-1122.759	229.3164	1.300198	5.48948	1.107933
5280	-888.1754	-1117.252	229.0768	1.264507	5.536424	1.331374
5286	-889.9613	-1118.905	228.944	1.220321	5.170575	1.541692
5292	-890.2828	-1119.346	229.0636	1.235724	5.241377	1.425358
5298	-904.2783	-1133.306	229.0277	1.120991	5.386129	1.510333
5304	-908.219	-1137.028	228.8094	1.115972	4.753997	1.796453
5310	-893.7277	-1122.139	228.4111	0.9371247	4.189394	2.294165
5316	-884.5726	-1113.081	228.5081	1.067688	7.008881	1.649358
5322	-894.6577	-1123.481	228.8233	0.9701565	5.399689	1.763679
5328	-887.251	-1116.02	228.769	1.21377	6.50345	1.429729
5334	-890.0941	-1119.198	229.1039	1.353331	6.50345	1.027092
5340	-892.5436	-1122.149	229.6049	1.640556	4.509475	0.7057777
5346	-891.4578	-1120.915	229.4576	1.37962	6.058209	0.6897959
5352	-883.2674	-1112.239	228.9719	1.423959	7.329863	0.9068387
5358	-886.2402	-1115.537	229.2972	1.737258	5.31198	0.6732991
5364	-884.4462	-1113.715	229.2689	1.523963	6.266373	0.6810461
5370	-889.5495	-1117.883	228.3338	1.027981	6.468698	1.88141
5376	-894.5101	-1123.432	228.9216	0.9942119	5.890816	1.587535
5382	-899.6249	-1128.745	229.1202	1.265886	6.376346	1.120827
5388	-892.5102	-1121.237	228.7268	1.586814	8.002947	0.848344
5394	-890.1952	-1119.161	228.9659	1.243023	7.67474	1.028787
5400	-893.4328	-1122.752	229.3192	1.1147	5.986812	1.159871
5406	-882.4299	-1112.021	229.5909	1.227712	4.959917	1.053268
5412	-875.2814	-1104.843	229.562	1.141611	4.825722	1.191679
5418	-883.6854	-1113.032	229.3469	1.535125	5.298472	0.8919756
5424	-896.0302	-1125.768	229.7378	1.477474	4.19349	0.8819387
5430	-896.673	-1126.489	229.8159	1.553736	4.003036	0.7652371
5436	-896.0107	-1125.518	229.5075	1.436404	5.443586	0.7652371
5442	-892.8661	-1122.236	229.3699	1.297837	4.137805	1.393556
5448	-886.4119	-1115.307	228.8947	1.102043	5.875573	1.530697
5454	-896.1185	-1125.022	228.9035	1.117465	3.928743	1.909326
5460	-894.7323	-1123.842	229.1101	1.006665	3.793564	1.876039
5466	-903.4831	-1132.736	229.2533	1.077332	3.807816	1.7245
5472	-904.9082	-1133.431	228.5225	1.228494	5.701794	1.738955
5478	-899.4128	-1128.067	228.6545	1.309593	7.623392	1.256077
5484	-891.8313	-1121.089	229.2575	1.374961	4.808333	1.256077
5490	-902.161	-1131.405	229.2438	1.496219	5.81209	0.9030568
5496	-899.5667	-1128.888	229.3218	1.742668	5.241033	0.6510661
5502	-903.2989	-1132.168	228.8695	1.496602	6.647042	1.083195
5508	-897.2993	-1126.899	229.5992	1.637709	4.152963	0.8721117
5514	-894.2069	-1123.522	229.3154	1.595556	5.362667	0.837419
5520	-889.674	-1118.944	229.2697	1.459464	5.032876	1.117265
5526	-900.2352	-1129.832	229.5968	1.291717	4.695008	1.059549
5532	-904.7409	-1133.924	229.1828	1.249803	4.695008	1.441377
5538	-898.6531	-1128.572	229.9186	1.49943	3.765288	0.8111727
5544	-898.4526	-1127.795	229.3421	1.472171	6.185885	0.676152
5550	-891.4621	-1120.736	229.2741	1.301953	5.970435	1.032723
5556	-884.5353	-1113.473	228.9378	1.090251	4.279543	1.825499
5562	-889.318	-1118.641	229.3229	1.241867	4.522929	1.378952
5568	-890.5333	-1119.841	229.3075	1.247659	4.554669	1.378952
5574	-887.7856	-1117.142	229.3567	1.409073	4.275519	1.279607
5580	-899.6384	-1128.623	228.985	1.000432	4.275519	1.855616
5586	-898.4198	-1127.415	228.9956	0.9634487	4.359006	1.855616
5592	-901.278	-1130.191	228.9127	1.128352	5.116921	1.642294
5598	-894.7282	-1123.909	229.1812	0.9826315	4.876884	1.602252
5604	-895.8533	-1124.773	228.9202	1.165997	5.7058	1.495436
5610	-892.6683	-1121.802	229.1341	1.322047	5.7058	1.200705
5616	-899.6815	-1128.641	228.9591	1.531301	5.927546	1.12244
5622	-902.4448	-1131.289	228.8444	1.027419	5.203145	1.745607
5628	-888.3074	-1117.79	229.4824	1.008899	3.272479	1.751612
5634	-891.3303	-1120.564	229.2339	1.189956	4.639791	1.460533
5640	-891.429	-1120.558	229.1285	1.175022	5.719098	1.324323
5646	-882.9419	-1111.783	228.8412	0.9895389	4.969411	1.819138
5652	-882.9593	-1112.114	229.1549	1.091721	5.560106	1.401231
5658	-889.8131	-1119.55	229.7371	1.336369	4.349575	0.9813829
5664	-885.3392	-1114.838	229.4985	1.376428	5.019888	0.9813829
5670	-888.9886	-1118.27	229.2817	1.333758	5.420938	1.125151
5676	-882.2626	-1111.891	229.6283	1.401706	4.018853	1.125151
5682	-888.6739	-1118.147	229.4734	1.417465	4.006594	1.249005
5688	-883.2554	-1111.88	228.6244	1.323353	5.873635	1.567267
5694	-881.6387	-1111.037	229.3988	1.271437	3.458043	1.572154
5700	-889.3319	-1118.728	229.3964	1.127932	3.860917	1.572154
5706	-894.4181	-1123.267	228.8489	0.9087736	3.540444	2.175377
5712	-900.2257	-1128.935	228.709	1.02184	3.61326	2.175377
5718	-897.6935	-1126.891	229.1979	1.045492	4.381231	1.651777
5724	-884.1313	-1113.471	229.3392	1.097253	4.129035	1.570305
5730	-886.0663	-1114.945	228.8788	1.109839	5.378245	1.6293
5736	-905.7227	-1134.796	229.0736	1.027181	3.767616	1.893147
5742	-912.5366	-1141.57	229.0331	1.479821	4.644245	1.390982
5748	-895.9996	-1125.626	229.6267	1.479821	4.644245	0.8448949
5754	-884.5666	-1113.885	229.3187	1.667396	4.592116	0.9943307
5760	-899.9257	-1128.756	228.8298	1.749459	7.233239	0.6840872
5766	-898.0503	-1127.533	229.4823	1.39731	5.263317	0.9053397
5772	-904.4721	-1133.574	229.1022	0.9416803	4.355222	1.798031
5778	-900.6312	-1128.846	228.2146	1.082471	4.696506	2.226292
5784	-907.5297	-1136.125	228.5956	1.003019	4.629614	2.04236
5790	-894.6513	-1123.635	228.9835	1.176094	4.214553	1.748618
5796	-897.4801	-1126.864	229.3843	1.301962	5.557579	1.025759
5802	-892.0099	-1121.62	229.6098	1.332901	4.127579	1.170554
5808	-898.5811	-1127.69	229.109	1.334668	5.896507	1.170554
5814	-889.8791	-1118.507	228.6275	1.302996	6.460813	1.476929
5820	-881.4444	-1110.767	229.3227	1.575416	5.404492	0.8395788
5826	-891.0357	-1120.53	229.4941	1.729748	4.624508	0.6823523
5832	-889.6069	-1118.882	229.2751	1.227568	3.68638	1.632691
5838	-888.7919	-1117.278	228.4865	0.8767139	3.68638	2.393756
5844	-885.5343	-1114.144	228.61	1.120282	4.439093	1.993328
5850	-896.5975	-1125.268	228.671	0.990917	5.206063	1.889915
5856	-908.2809	-1137.789	229.5077	1.290082	5.206063	1.007354
5862	-897.4927	-1125.823	228.3306	0.9154358	4.782018	2.243016
5868	-896.275	-1124.616	228.341	1.088568	5.351663	2.019771
5874	-900.3979	-1129.578	229.18	1.038866	5.715304	1.392109
5880	-907.8321	-1136.466	228.6335	1.729523	8.278493	0.705912
5886	-911.0365	-1139.844	228.8076	1.474717	7.731105	0.9431087
5892	-907.6838	-1136.56	228.8761	1.340417	7.188953	1.11382
5898	-902.067	-1130.883	228.8156	1.390106	6.013245	1.34476
5904	-908.939	-1137.551	228.6121	1.152291	6.794883	1.545562
5910	-898.8325	-1127.636	228.8034	1.09949	6.182612	1.545562
5916	-890.3111	-1119.383	229.072	1.001772	5.009254	1.64025
5922	-898.3972	-1127.609	229.2121	1.142818	5.183696	1.39441
5928	-905.9913	-1135.357	229.366	1.269553	3.6231	1.552517
5934	-883.4213	-1112.866	229.4444	1.413958	4.300564	1.195219
5940	-892.5312	-1121.82	229.2889	1.505804	3.936974	1.34637
5946	-894.4555	-1123.761	229.3054	1.337653	4.228772	1.389756
5952	-897.9456	-1126.254	228.3088	1.341146	8.37401	1.393851
5958	-899.4939	-1127.903	228.409	1.125188	8.713288	1.436179
5964	-889.4088	-1118.393	228.9843	1.384622	6.602156	1.089848
5970	-893.8803	-1123.047	229.1662	1.191171	5.781489	1.267827
5976	-898.5998	-1127.229	228.6288	1.22263	6.708351	1.494776
5982	-893.5124	-1121.607	228.095	1.223153	10.10087	1.425099
5988	-886.6443	-1115.437	228.7931	1.135957	6.396324	1.489107
5994	-888.7958	-1117.724	228.9287	1.145824	6.396324	1.377328
6000	-883.7908	-1112.829	229.0383	0.9930939	5.422212	1.58988
6006	-882.9988	-1112.22	229.2207	1.417283	6.066333	0.9467875
6012	-888.2994	-1117.33	229.0303	1.325393	7.044146	1.010936
6018	-899.4136	-1128.922	229.5084	1.214569	5.079257	1.111236
6024	-900.5492	-1129.311	228.7616	1.039233	8.382969	1.27171
6030	-898.1222	-1127.001	228.8786	0.9251837	6.213583	1.612755
6036	-891.8534	-1120.74	228.8864	1.254313	7.432486	1.137112
6042	-896.9034	-1125.593	228.6899	1.07427	8.162047	1.33458
6048	-895.3417	-1123.77	228.4285	1.202852	9.267475	1.283766
6054	-908.1708	-1136.121	227.95	1.285755	10.83233	1.402961
6060	-891.3231	-1120.343	229.0196	1.130028	5.939096	1.402961
6066	-904.4451	-1133.339	228.8935	0.9808039	7.811206	1.299635
6072	-911.583	-1141.014	229.4314	1.040228	5.142809	1.310649
6078	-898.7033	-1127.781	229.0772	1.130627	6.050402	1.335889
6084	-889.3986	-1118.156	228.7579	1.255789	6.784627	1.356956
6090	-879.43	-1107.897	228.4674	1.300015	8.734511	1.247111
6096	-884.8172	-1113.809	228.9922	1.153056	6.801462	1.247111
6102	-896.5461	-1125.664	229.1181	1.296669	4.773204	1.437486
6108	-893.8646	-1123.176	229.3113	1.414704	5.168937	1.08579
6114	-897.1825	-1125.798	228.6155	1.255693	5.861417	1.625189
6120	-892.8753	-1121.375	228.5001	1.002246	6.156722	1.834647
6126	-893.1996	-1122.358	229.1587	1.065192	5.213897	1.488464
6132	-905.0133	-1134.108	229.095	1.318457	5.746743	1.228262
6138	-893.8285	-1123.452	229.6238	1.318457	3.863386	1.246856
6144	-892.6419	-1120.899	228.2574	1.063642	7.968601	1.693537
6150	-892.9648	-1121.567	228.6023	0.9902979	6.645818	1.693537
6156	-886.2992	-1115.021	228.7214	1.21843	7.898982	1.231489
6162	-885.67	-1114.19	228.5201	0.782617	7.12803	1.823527
6168	-874.2904	-1103.507	229.2169	1.217878	5.388565	1.28691
6174	-882.2946	-1111.222	228.9279	1.386982	7.690071	0.9165848
6180	-895.3657	-1124.322	228.9561	1.437519	7.096635	0.9612478
6186	-882.0242	-1111.425	229.4004	1.348546	5.373143	1.011438
6192	-883.6659	-1112.822	229.1559	1.5869	5.373143	1.017525
6198	-897.4928	-1126.684	229.191	1.283518	5.484528	1.233177
6204	-900.3129	-1129.996	229.6832	1.223379	4.531914	1.088411
6210	-907.5539	-1136.974	229.4204	1.29834	4.242045	1.326484
6216	-900.5281	-1129.457	228.9286	1.197418	6.432531	1.329949
6222	-893.1608	-1122.773	229.6125	1.219322	3.888942	1.329949
6228	-877.1603	-1106.052	228.8919	1.06892	5.486332	1.628954
6234	-898.5633	-1127.612	229.0486	0.9878868	5.39929	1.590582
6240	-907.5002	-1136.297	228.7968	1.329917	8.24937	1.001798
6246	-902.5104	-1132.117	229.6068	1.465858	4.659504	0.8798241
6252	-901.0605	-1130.244	229.1838	1.576804	5.851432	0.8682563
6258	-887.1064	-1116.152	229.0455	1.583929	7.029756	0.6695362
6264	-900.3521	-1129.076	228.7236	1.369535	8.579036	0.9750351
6270	-896.5079	-1125.598	229.0904	1.535731	6.002961	0.9750351
6276	-888.5189	-1117.858	229.3387	1.659357	4.954088	0.8671457
6282	-889.4474	-1118.558	229.1107	1.559204	6.686611	0.7287726
6288	-894.1413	-1123.877	229.7357	1.467075	3.757052	1.048707
6294	-891.9533	-1121.041	229.0874	1.196986	6.29946	1.224962
6300	-902.5393	-1131.709	229.1693	1.150657	5.211903	1.415618
6306	-890.5432	-1119.641	229.0975	1.285882	5.211903	1.366102
6312	-900.2443	-1129.645	229.401	1.35639	4.518752	1.223472
6318	-894.4379	-1122.875	228.4366	1.109292	5.165692	1.975545
6324	-879.8214	-1108.714	228.8927	1.00844	4.601177	1.844376
6330	-885.8955	-1114.888	228.9925	1.399345	7.634009	0.8399965
6336	-881.4676	-1110.766	229.2985	1.399345	5.14222	1.118232
6342	-883.2727	-1112.39	229.1177	1.462131	6.736611	0.8383502
6348	-893.3472	-1121.764	228.4166	1.284004	7.399258	1.498515
6354	-875.3927	-1104.035	228.6426	1.295357	7.872304	1.237405
6360	-867.0713	-1095.764	228.6932	1.293664	7.872304	1.195872
6366	-892.4152	-1120.77	228.3551	1.217504	10.25005	1.200525
6372	-880.9987	-1110.014	229.0151	1.292815	6.969434	1.072106
6378	-891.3215	-1120.196	228.8749	1.292815	6.497299	1.28428
6384	-878.7878	-1107.669	228.8813	1.157208	7.090745	1.28428
6390	-883.9087	-1112.738	228.8294	1.167737	8.077498	1.152868
6396	-884.5296	-1113.435	228.9057	1.496288	7.116635	0.9480612
6402	-890.5124	-1119.869	229.3562	1.662591	5.288993	0.7125387
6408	-899.6071	-1128.27	228.6625	1.675911	8.474317	0.6860749
6414	-908.5088	-1137.305	228.7966	1.841385	6.788271	0.7437986
6420	-884.0674	-1112.224	228.1565	1.308585	11.86936	1.087488
6426	-886.2521	-1115.007	228.7547	1.350933	8.350144	1.00426
6432	-877.72	-1106.651	228.9311	1.174622	8.350144	1.00426
6438	-880.3659	-1109.135	228.769	1.493038	8.552336	0.7838778
6444	-889.3899	-1117.927	228.537	1.550008	8.836866	0.9335071
6450	-893.4078	-1122.003	228.5953	1.417446	8.836866	1.010018
6456	-882.8413	-1111.831	228.9898	1.277663	4.697025	1.564689
6462	-887.5264	-1116.331	228.8041	1.130126	7.600109	1.284507
6468	-890.1828	-1119.426	229.2429	1.135695	5.661373	1.2752
6474	-900.1641	-1129.536	229.3715	1.544723	5.696145	0.7072728
6480	-903.3969	-1132.632	229.235	1.372054	6.665302	0.8238127
6486	-887.9577	-1116.659	228.7013	1.320816	7.141714	1.288891
6492	-892.3907	-1121.414	229.0236	1.360876	5.635532	1.275741
6498	-895.4313	-1124.133	228.702	1.482419	9.118678	0.753159
6504	-893.389	-1122.151	228.7619	1.770339	7.49338	0.3596652
6510	-895.5292	-1124.628	229.0991	1.484477	6.150874	0.9823789
6516	-891.1622	-1120.025	228.8628	1.484477	7.197384	0.9872372
6522	-892.6024	-1121.801	229.1987	1.231419	4.697378	1.442745
6528	-889.6024	-1118.956	229.3533	0.9769039	4.320913	1.602772
6534	-892.48	-1121.687	229.2075	0.9982727	5.641746	1.416738
6540	-886.1558	-1115.072	228.9166	1.015881	7.173573	1.355671
6546	-881.2693	-1110.656	229.3865	1.149376	4.718187	1.355671
6552	-883.3214	-1112.531	229.2094	1.625565	5.859383	0.7702046
6558	-897.0431	-1126.203	229.1599	1.479908	5.420006	1.103241
6564	-893.761	-1122.941	229.1804	1.55481	4.416707	1.268264
6570	-887.2379	-1116.007	228.7687	1.045613	5.120491	1.801371
6576	-887.6491	-1116.513	228.8635	0.8626503	4.586449	1.966025
6582	-886.5419	-1115.469	228.927	1.186184	4.461634	1.726567
6588	-887.7003	-1116.664	228.9641	1.294565	5.114809	1.482619
6594	-897.7304	-1126.554	228.8234	1.771017	6.835112	0.7916683
6600	-889.8725	-1119.186	229.3131	1.657917	5.404991	0.7398684
6606	-897.4707	-1126.846	229.3748	1.897484	4.538148	0.635693
6612	-908.9064	-1138.101	229.195	1.614827	6.345382	0.6003606
6618	-898.811	-1128.29	229.4792	1.348404	4.922203	1.054936
6624	-897.8735	-1127.193	229.3195	1.206583	6.152016	1.03908
6630	-897.0235	-1125.93	228.9064	1.397088	7.827736	0.8993752
6636	-899.7358	-1128.685	228.9488	1.159319	7.827736	1.095831
6642	-884.0243	-1113.354	229.3297	1.21109	5.072957	1.269941
6648	-896.4161	-1126.051	229.6349	1.159631	5.008335	1.06326
6654	-894.5664	-1123.89	229.3237	0.8994692	4.333129	1.676989
6660	-894.0125	-1123.552	229.5398	1.386432	4.333129	1.126562
6666	-885.14	-1114.597	229.4568	1.260395	4.339354	1.302746
6672	-885.0123	-1113.674	228.6622	0.7797812	6.286747	1.855163
6678	-895.5689	-1123.525	227.9558	0.8003031	4.239292	2.655219
6684	-890.5351	-1119.518	228.9832	1.029956	3.817891	1.940502
6690	-892.906	-1122.411	229.5053	0.8788935	4.386826	1.548065
6696	-888.4103	-1117.393	228.9825	1.013968	3.423845	2.047661
6702	-890.0089	-1118.746	228.7371	0.8554224	4.717031	2.029188
6708	-887.1812	-1115.883	228.7022	1.04231	4.223074	2.029188
6714	-885.1323	-1113.87	228.7377	1.234993	5.53742	1.610801
6720	-897.653	-1126.481	228.8284	1.06781	6.21799	1.544371
6726	-902.7174	-1131.499	228.7815	1.205696	7.355827	1.281387
6732	-888.9481	-1118.377	229.4288	1.20928	4.844453	1.242723
6738	-894.5222	-1123.476	228.9543	1.348466	7.137901	1.043265
6744	-896.926	-1126.034	229.1084	1.307579	6.344633	1.100228
6750	-906.6913	-1135.31	228.6187	1.326789	6.686643	1.426925
6756	-886.171	-1115.366	229.1949	1.374574	5.878509	1.060534
6762	-884.0956	-1113.169	229.0738	1.15865	6.660205	1.199594
6768	-881.5154	-1110.305	228.7894	1.247536	7.59399	1.199594
6774	-887.1414	-1116.288	229.1469	1.330062	4.729832	1.399247
6780	-899.1847	-1128.584	229.3992	1.0851	3.920441	1.586483
6786	-893.632	-1122.516	228.8841	0.9677978	6.731628	1.490585
6792	-891.4035	-1120.563	229.1591	1.23649	4.601621	1.490585
6798	-881.3758	-1111.129	229.7536	1.192794	4.366876	1.098669
6804	-895.6744	-1125.573	229.8985	1.101302	2.664591	1.574699
6810	-885.5758	-1114.854	229.278	1.491353	5.690382	0.904269
6816	-883.3742	-1112.454	229.0799	1.392525	5.479718	1.235961
6822	-884.9711	-1114.476	229.5046	1.099831	3.704192	1.553868
6828	-878.6425	-1107.787	229.1448	1.199884	5.48863	1.338514
6834	-878.4173	-1107.667	229.2495	1.199884	5.48863	1.253308
6840	-887.2551	-1116.01	228.7551	1.492072	8.52435	0.8105554
6846	-885.9009	-1114.518	228.6175	1.136118	7.362086	1.464192
6852	-891.8489	-1120.334	228.4852	1.127228	9.671927	1.244233
6858	-896.9185	-1125.152	228.234	1.175121	10.1553	1.347295
6864	-885.3394	-1113.921	228.5819	1.231002	10.54178	0.9310043
6870	-895.2232	-1124.061	228.8378	0.9483819	7.273015	1.453325
6876	-880.3958	-1109.47	229.0746	1.055425	7.273015	1.175173
6882	-898.2748	-1127.748	229.4734	1.336522	5.507994	0.9109612
6888	-897.7397	-1126.902	229.1623	1.415669	6.771587	0.8311302
6894	-886.5711	-1115.614	229.0433	1.285512	6.462892	1.154292
6900	-883.82	-1112.808	228.9877	1.23727	6.934143	1.154292
6906	-886.1754	-1115.125	228.9493	1.299114	6.999879	1.120884
6912	-885.9746	-1115.269	229.2942	1.177242	6.162184	1.088311
6918	-895.2765	-1124.324	229.048	1.515575	7.016529	0.7806335
6924	-895.3343	-1124.6	229.2658	1.346896	5.836555	1.028938
6930	-896.3097	-1125.541	229.2312	1.404787	5.836555	1.006027
6936	-893.4374	-1122.658	229.2205	1.29904	6.331605	1.004362
6942	-904.1337	-1133.288	229.1541	1.218823	5.962049	1.217656
6948	-902.6673	-1132.458	229.7902	1.526589	4.438118	0.5992924
6954	-894.7268	-1123.719	228.9926	1.356465	7.573655	0.9041328
6960	-901.6318	-1130.146	228.5137	1.817088	8.759781	0.5828307
6966	-899.315	-1127.914	228.5989	1.653054	8.932169	0.6958696
6972	-897.856	-1126.715	228.859	1.151253	6.777573	1.360836
6978	-908.1055	-1136.896	228.7903	1.135071	9.519533	0.9816437
6984	-889.1637	-1118.485	229.3214	1.508146	5.056033	1.016728
6990	-881.0968	-1110.539	229.442	1.399101	5.445744	0.894237
6996	-883.2872	-1112.625	229.3383	1.157114	4.547148	1.427156
7002	-890.2015	-1119.13	228.9285	1.134712	5.914185	1.473848
7008	-902.6138	-1131.589	228.9749	1.076024	5.406267	1.578714
7014	-887.6212	-1117.071	229.45	1.409582	5.128806	0.9660507
7020	-900.4231	-1129.596	229.1732	1.314529	4.700322	1.397619
7026	-889.6189	-1118.582	228.9629	1.099298	4.326856	1.791499
7032	-891.1228	-1120.072	228.949	1.010124	6.15757	1.508143
7038	-889.5861	-1118.638	229.0521	1.145593	6.262744	1.303678
7044	-893.966	-1123.224	229.2585	1.284751	4.917222	1.303678
7050	-894.7384	-1123.944	229.2059	1.406946	6.028656	0.9822999
7056	-894.2695	-1122.526	228.2567	1.323304	11.82367	0.9822999
7062	-889.6305	-1118.268	228.6373	1.560234	8.968345	0.7715615
7068	-899.2546	-1128.573	229.3188	1.425802	5.949046	0.8588586
7074	-893.2739	-1122.72	229.4465	1.733388	4.69416	0.7226793
7080	-881.1433	-1110.472	229.3286	1.66879	5.207906	0.7782889
7086	-885.6349	-1114.515	228.8803	1.075433	6.935604	1.376964
7092	-887.1422	-1116.216	229.0738	1.536819	5.395282	1.135518
7098	-891.2053	-1119.749	228.5433	1.216738	9.386996	1.157731
7104	-893.5589	-1122.403	228.8442	1.104377	6.915364	1.385896
7110	-896.4969	-1125.393	228.896	1.068301	6.505244	1.443535
7116	-894.6203	-1123.096	228.476	1.299776	7.562304	1.416378
7122	-886.5842	-1115.305	228.7205	1.029366	7.693339	1.416378
7128	-893.1244	-1121.901	228.7761	1.181798	9.406995	0.9673207
7134	-893.7561	-1122.498	228.7415	1.803647	7.53354	0.6275683
7140	-887.7936	-1116.796	229.0026	1.513908	7.327755	0.7551965
7146	-885.9849	-1114.736	228.7508	1.38594	7.9317	1.050302
7152	-892.7854	-1121.581	228.796	1.518212	7.268115	1.005712
7158	-888.0173	-1116.725	228.7078	1.452845	8.046922	1.005712
7164	-885.9615	-1115.017	229.0556	1.221646	5.894621	1.310435
7170	-891.7509	-1120.734	228.9832	1.166664	5.55401	1.476568
7176	-884.0955	-1113.043	228.948	1.060039	5.55401	1.581947
7182	-878.8771	-1108.185	229.3079	1.282363	4.427313	1.382034
7188	-878.7639	-1107.495	228.7314	1.297396	7.019596	1.304385
7194	-877.5172	-1106.506	228.9886	1.140971	6.077309	1.392583
7200	-885.789	-1114.99	229.2011	1.207952	4.99619	1.392583
7206	-907.0316	-1135.75	228.7188	1.185808	5.010153	1.75994
7212	-903.7317	-1132.084	228.3526	0.9817921	5.134481	2.121141
7218	-902.7835	-1131.431	228.6471	1.031149	4.387076	2.038662
7224	-900.5466	-1129.291	228.7442	1.020221	4.118076	2.038662
7230	-891.0054	-1119.994	228.9887	1.069253	4.327143	1.794433
7236	-881.5511	-1110.301	228.7497	1.116269	7.424007	1.367652
7242	-877.5706	-1106.458	228.8871	1.211049	6.347125	1.367652
7248	-882.4856	-1111.549	229.0636	1.384877	5.185496	1.319925
7254	-890.8247	-1120.175	229.3501	1.278131	4.558852	1.319925
7260	-889.712	-1118.713	229.0005	1.043465	6.847831	1.321846
7266	-889.4258	-1118.599	229.1737	1.07884	5.631608	1.382307
7272	-897.1601	-1125.976	228.8156	0.8767145	4.866131	1.933496
7278	-885.0421	-1113.885	228.8427	0.8496139	4.866131	1.933496
7284	-886.4174	-1114.747	228.3297	1.041265	5.943984	1.958457
7290	-892.853	-1121.804	228.9511	1.142975	6.234493	1.391305
7296	-918.9262	-1147.506	228.5801	0.9521537	5.879968	1.859791
7302	-886.2864	-1115.148	228.8612	1.153102	5.216947	1.641901
7308	-887.1432	-1115.619	228.4756	0.9346845	5.632996	1.983948
7314	-899.1298	-1127.891	228.7607	0.7826617	5.129269	1.983948
7320	-877.6984	-1106.549	228.8504	0.9935614	5.036618	1.796923
7326	-887.145	-1116.265	229.1203	1.007993	5.202035	1.56199
7332	-893.7396	-1122.581	228.8409	1.069863	6.123915	1.550006
7338	-897.0247	-1125.635	228.61	1.301391	6.645133	1.460003
7344	-897.5907	-1127.177	229.5863	1.326851	4.36579	1.129051
7350	-892.8523	-1122.289	229.4367	1.591317	5.271854	0.7047375
7356	-895.8716	-1125.318	229.4464	1.46009	5.271854	0.8719451
7362	-887.6978	-1117.078	229.3802	1.285364	5.271854	1.115659
7368	-901.2664	-1130.283	229.0161	1.52654	5.704567	1.125054
7374	-908.3546	-1137.205	228.8502	1.867783	6.699335	0.6324591
7380	-902.4785	-1130.771	228.292	1.382825	10.14091	1.125707
7386	-898.3417	-1127.259	228.9171	1.049665	9.353035	0.9674004
7392	-900.6066	-1129.109	228.5023	1.042867	6.736543	1.712925
7398	-889.926	-1118.735	228.8088	1.217755	8.13356	1.117146
7404	-899.9673	-1128.605	228.6376	1.320506	8.825621	1.064715
7410	-902.6484	-1131.423	228.7748	0.9996171	6.016611	1.667582
7416	-902.8197	-1131.965	229.1455	1.224922	4.616887	1.505996
7422	-907.27	-1135.749	228.4791	0.9853284	7.162278	1.705709
7428	-899.6592	-1128.77	229.1106	1.078954	5.811109	1.396299
7434	-898.501	-1127.825	229.3238	1.304567	5.173337	1.172353
7440	-899.8975	-1129.08	229.1827	1.384818	6.825563	0.8294431
7446	-895.9371	-1124.024	228.0874	1.272523	13.43398	0.993914
7452	-892.0489	-1120.835	228.7862	1.316074	8.45056	0.9892993
7458	-884.2841	-1113.86	229.5757	1.539607	4.529224	0.8756785
7464	-882.3395	-1111.34	229.0007	1.52495	7.40479	0.7164723
7470	-888.2952	-1116.866	228.5705	1.558517	9.783979	0.6594743
7476	-883.5551	-1112.983	229.4275	1.692222	4.590787	0.8483123
7482	-893.3594	-1122.212	228.8531	1.711387	7.052981	0.7684863
7488	-885.967	-1114.661	228.6937	1.709532	7.745602	0.7971345
7494	-881.4664	-1110.573	229.1069	1.771307	6.113151	0.5441523
7500	-884.3829	-1113.31	228.9273	1.641074	7.451485	0.6099298
7506	-880.8551	-1109.649	228.7941	1.765293	7.433688	0.6411021
7512	-884.0986	-1112.857	228.7584	1.35971	7.914255	1.071165
7518	-901.352	-1129.791	228.4389	1.412002	9.648999	1.034551
7524	-891.1773	-1119.96	228.7827	1.582895	8.273357	0.7031355
7530	-887.9027	-1116.6	228.6973	1.433107	8.023571	1.039657
7536	-884.0097	-1113.719	229.7093	1.441518	4.30665	0.9138564
7542	-887.5724	-1116.531	228.9584	1.348524	7.170331	1.03273
7548	-895.937	-1125.017	229.0802	1.383377	7.170331	0.8668351
7554	-891.786	-1121.099	229.3128	1.265198	5.736888	1.085426
7560	-892.4562	-1121.117	228.6609	1.133663	6.421656	1.584488
7566	-884.5997	-1113.689	229.0889	1.457578	6.371021	0.967844
7572	-902.685	-1132.153	229.468	1.414018	5.233806	0.911448
7578	-892.8905	-1122.148	229.2579	1.458296	6.195242	0.8213779
7584	-901.4384	-1129.93	228.4915	1.720653	9.323182	0.6428344
7590	-897.7834	-1126.707	228.9233	1.463527	8.119177	0.7158179
7596	-896.3068	-1125.586	229.2795	1.645661	5.838433	0.6159154
7602	-889.8547	-1118.616	228.761	1.412464	8.019418	0.9981438
7608	-885.2371	-1114.343	229.1055	1.296367	7.053435	0.9621322
7614	-889.8842	-1118.743	228.8584	1.037846	6.007912	1.581086
7620	-875.378	-1104.072	228.6943	1.273726	7.505019	1.272343
7626	-885.6848	-1114.217	228.532	1.250658	6.320198	1.610101
7632	-880.6999	-1109.513	228.8134	1.072416	7.477513	1.343326
7638	-885.6358	-1114.495	228.859	1.34649	7.244121	1.113415
7644	-901.1293	-1129.753	228.6233	1.007228	8.575502	1.380475
7650	-890.6004	-1119.363	228.7627	1.375494	8.132312	1.012017
7656	-885.127	-1114.248	229.1209	1.375494	6.864488	0.9036644
7662	-898.3974	-1127.025	228.6271	1.448787	9.162758	0.8835153
7668	-891.0233	-1119.581	228.5577	1.160566	10.07904	1.094997
7674	-887.8171	-1116.041	228.224	1.214517	7.482124	1.677667
7680	-890.8508	-1119.496	228.6452	1.02802	6.387044	1.677667
7686	-875.8854	-1104.86	228.975	1.02802	5.075535	1.677667
7692	-890.5272	-1118.711	228.1838	0.9399718	5.321412	2.22512
7698	-887.9712	-1117.336	229.3646	1.014915	5.321412	1.345793
7704	-884.628	-1113.875	229.2469	0.9891196	5.47997	1.425413
7710	-893.5092	-1122.671	229.1621	1.082117	5.623193	1.390536
7716	-897.4314	-1125.539	228.1079	1.046369	7.918471	1.816822
7722	-902.6764	-1131.835	229.1583	1.212349	5.128734	1.393885
7728	-884.4613	-1113.374	228.9126	1.061435	6.623599	1.415656
7734	-882.9846	-1112.087	229.1019	0.9964374	5.386955	1.547561
7740	-878.7731	-1107.917	229.1436	1.12543	5.386955	1.418781
7746	-883.2882	-1112.185	228.8968	1.133843	5.386955	1.597194
7752	-897.0339	-1125.752	228.7177	0.9505873	3.28801	2.295181
7758	-894.0573	-1123.367	229.3096	0.8403567	4.635476	1.663108
7764	-906.0535	-1134.797	228.7432	1.154731	6.629735	1.47284
7770	-899.8186	-1129.26	229.4418	1.281219	4.261101	1.318123
7776	-903.2172	-1131.943	228.7255	1.168948	5.155623	1.738825
7782	-896.9367	-1126.259	229.3228	1.221719	5.155623	1.247972
7788	-891.1215	-1120.431	229.3094	1.44846	4.612438	1.199004
7794	-899.3712	-1128.957	229.5858	1.519877	3.57603	1.195453
7800	-893.3108	-1122.421	229.1099	1.314607	6.309198	1.099883
7806	-898.1765	-1126.802	228.6251	1.318926	5.66957	1.607063
7812	-893.9665	-1122.952	228.9854	1.255066	6.287954	1.263903
7818	-899.9916	-1128.924	228.9319	1.360827	6.588899	1.16108
7824	-892.5563	-1121.688	229.1321	1.441636	7.028646	0.7626107
7830	-884.5623	-1113.505	228.943	1.47066	5.935078	1.188438
7836	-890.0629	-1119.206	229.1429	1.27763	5.515169	1.271488
7842	-897.278	-1126.819	229.541	1.180849	4.835004	1.173543
7848	-890.5575	-1119.858	229.3006	1.391788	6.032505	0.8961337
7854	-893.7084	-1122.716	229.0074	1.341724	7.243886	0.9755135
7860	-892.7967	-1122.249	229.4522	1.333787	5.270009	1.001911
7866	-902.479	-1131.913	229.4337	1.215919	5.348175	1.111606
7872	-895.615	-1124.873	229.2583	1.337994	5.593648	1.101907
7878	-894.1818	-1123.341	229.1593	1.068225	4.378058	1.663811
7884	-899.8452	-1128.904	229.0586	1.180339	6.784569	1.170346
7890	-897.1478	-1125.833	228.6847	1.454959	8.591259	0.9235145
7896	-904.3707	-1133.859	229.4884	1.409442	4.711098	1.046147
7902	-889.4458	-1118.179	228.7336	1.409442	7.010426	1.21117
7908	-895.405	-1124.606	229.2008	1.13328	4.435442	1.57381
7914	-894.5059	-1122.985	228.4793	1.317039	8.613209	1.240941
7920	-890.0232	-1118.98	228.9573	1.186516	6.422312	1.317517
7926	-888.4669	-1117.565	229.0982	1.249694	5.45838	1.342232
7932	-892.7595	-1121.513	228.7536	1.388073	7.338602	1.153195
7938	-896.7311	-1126.018	229.2869	1.344956	5.053535	1.197913
7944	-892.6873	-1121.749	229.0618	1.254156	6.55332	1.147627
7950	-887.0947	-1116.163	229.0682	1.231643	6.069915	1.257249
7956	-889.2104	-1117.855	228.6442	1.381307	7.101216	1.293097
7962	-887.171	-1116.491	229.3203	1.155738	4.850995	1.372473
7968	-877.9784	-1107.013	229.0342	1.2034	4.850995	1.553647
7974	-874.0324	-1103.101	229.0685	1.253803	4.56365	1.553647
7980	-888.437	-1117.34	228.9027	1.316686	6.050873	1.326561
7986	-895.4711	-1125.239	229.7682	1.110748	3.955959	1.27303
7992	-887.1501	-1116.295	229.1448	1.292625	5.442807	1.27303
7998	-882.8149	-1111.98	229.1653	1.011089	6.819028	1.217707
8004	-891.8317	-1120.847	229.0151	1.262719	6.364826	1.217707
8010	-891.4471	-1120.847	229.3994	1.241772	4.858326	1.236756
8016	-893.5963	-1122.615	229.0188	1.296802	6.442386	1.169986
8022	-894.0056	-1123.663	229.6576	1.449718	4.443428	0.9145461
8028	-883.4575	-1112.815	229.3576	1.372482	5.264662	1.057708
8034	-886.7028	-1115.548	228.8449	1.174487	4.589336	1.765018
8040	-896.2703	-1125.725	229.4551	1.052291	4.797072	1.359957
8046	-887.6209	-1116.168	228.5471	1.06825	5.406959	1.885076
8052	-897.2096	-1126.385	229.1756	1.281085	5.221839	1.305298
8058	-901.6905	-1130.542	228.8517	1.39839	7.442503	1.033808
8064	-893.0562	-1122.358	229.302	1.399378	4.980506	1.155172
8070	-897.917	-1127.282	229.3649	1.343649	4.980506	1.148809
8076	-912.2224	-1141.347	229.1248	1.387476	5.719715	1.148809
8082	-899.3914	-1128.268	228.8766	0.9724128	6.231519	1.576801
8088	-890.3109	-1119.53	229.2195	0.9875208	5.53391	1.436965
8094	-908.9533	-1138.403	229.4497	0.8997528	3.961068	1.673721
8100	-905.2832	-1134.309	229.0258	1.335875	6.425297	1.132623
8106	-903.6539	-1132.237	228.5833	1.199201	6.362749	1.603103
8112	-887.4327	-1116.489	229.0563	1.445493	5.983647	1.099693
8118	-890.6023	-1119.779	229.1764	1.39783	5.906061	1.049609
8124	-898.594	-1127.754	229.16	1.51756	5.896709	0.9483462
8130	-890.4113	-1119.362	228.951	1.175971	7.779182	1.087146
8136	-881.6281	-1110.97	229.3417	1.366068	5.375902	1.050702
8142	-888.1171	-1117.654	229.5368	1.243478	5.359864	0.9834969
8148	-888.7772	-1118.036	229.2583	1.438367	5.359864	1.065198
8154	-892.1026	-1121.709	229.6068	1.282099	4.889604	1.004343
8160	-894.2833	-1123.612	229.3283	1.376057	5.463652	1.031782
8166	-897.2922	-1126.144	228.8514	1.124807	6.969274	1.355134
8172	-895.6586	-1124.906	229.2477	1.372758	4.785203	1.271605
8178	-901.6887	-1130.073	228.384	0.9638602	6.544826	1.879198
8184	-901.0338	-1130.589	229.5548	1.058638	5.729172	1.053965
8190	-901.6318	-1129.905	228.2734	0.9291255	5.222067	2.19146
8196	-899.6493	-1128.5	228.8506	0.9212818	5.696974	1.725122
8202	-890.5418	-1120.098	229.5557	1.112758	4.525234	1.29556
8208	-903.9347	-1132.6	228.6651	1.163395	5.741523	1.677154
8214	-906.1016	-1135.091	228.9894	1.328959	7.785322	0.8919068
8220	-905.0391	-1133.75	228.7104	1.381553	7.785322	1.118115
8226	-893.1432	-1122.086	228.943	1.381553	5.453195	1.361804
8232	-893.3148	-1122.422	229.1074	1.539362	6.724843	0.7513775
8238	-903.4081	-1132.552	229.1444	1.723264	6.172643	0.5102003
8244	-891.786	-1121.733	229.9475	1.62791	3.342554	0.8104947
8250	-908.8413	-1138.024	229.1823	1.26622	4.511719	1.47114
8256	-912.607	-1142.312	229.705	1.309109	3.790676	1.207623
8262	-883.6392	-1112.831	229.1918	1.42786	6.028042	0.9754705
8268	-888.4453	-1117.822	229.3768	1.139379	4.714745	1.372021
8274	-903.0135	-1132.244	229.2302	1.170015	5.770946	1.234362
8280	-885.4061	-1114.219	228.8131	1.06265	4.940995	1.793519
8286	-885.5568	-1114.396	228.8393	0.9477116	4.75273	1.891645
8292	-895.534	-1124.777	229.2429	1.131719	4.696643	1.485041
8298	-891.7511	-1120.969	229.218	1.265055	4.486896	1.45067
8304	-913.4421	-1142.28	228.8376	1.252909	7.131866	1.234
8310	-911.5054	-1140.93	229.4244	1.431704	4.254517	1.20973
8316	-893.2998	-1122.299	228.9991	1.125009	4.786848	1.64965
8322	-894.1516	-1123.226	229.0741	1.114509	5.832756	1.392917
8328	-896.5392	-1124.953	228.4137	1.157302	5.832756	1.841243
8334	-897.0363	-1126.087	229.0503	1.292725	5.832756	1.269191
8340	-894.4131	-1123.441	229.028	0.876504	6.211714	1.53936
8346	-892.1452	-1121.073	228.9281	0.9650119	6.211714	1.547784
8352	-904.4	-1133.167	228.7671	0.9398625	5.894052	1.736371
8358	-893.9711	-1123.2	229.2294	0.9903311	5.361572	1.461674
8364	-893.0531	-1121.907	228.8539	0.9469498	3.621106	2.127876
8370	-893.679	-1122.575	228.8965	1.113773	3.541115	2.009206
8376	-892.8854	-1122.448	229.5624	1.200154	3.852762	1.394501
8382	-891.4636	-1120.715	229.2517	1.411354	5.953786	0.9489754
8388	-896.94	-1126.555	229.6154	1.552836	3.917934	1.02793
8394	-899.0619	-1128.438	229.3759	1.375476	4.473171	1.240293
8400	-893.5782	-1122.198	228.6195	1.27226	6.905347	1.431648
8406	-896.3723	-1125.319	228.947	1.350503	5.210999	1.433086
8412	-883.2668	-1111.934	228.6674	1.101954	5.195426	1.818303
8418	-894.1144	-1123.019	228.9045	0.9632631	5.06703	1.774552
8424	-892.8615	-1121.423	228.5611	1.401117	6.939079	1.371235
8430	-885.8825	-1115.134	229.2516	1.347012	5.444604	1.134657
8436	-897.2399	-1126.698	229.4584	1.360246	4.754228	1.108267
8442	-919.7036	-1148.946	229.2428	1.559464	5.322642	0.9711115
8448	-892.847	-1122.311	229.4636	1.412528	5.080989	0.9626356
8454	-895.814	-1125.553	229.7387	1.457414	3.868648	1.017282
8460	-893.6885	-1123.011	229.3227	1.282317	6.03099	0.9896078
8466	-895.5035	-1124.49	228.986	1.614265	6.849098	0.779488
8472	-890.5684	-1119.469	228.9007	1.371964	6.304153	1.233868
8478	-900.7284	-1129.615	228.8866	1.335774	6.304153	1.275661
8484	-894.4988	-1124.275	229.7761	1.37195	4.050013	1.003931
8490	-892.9858	-1122.205	229.2192	1.390313	5.477384	1.117217
8496	-878.5251	-1107.903	229.3778	1.169966	4.536033	1.389152
8502	-885.1878	-1114.636	229.4481	1.19841	4.220357	1.389152
8508	-878.1458	-1107.048	228.9027	1.205204	6.140137	1.397846
8514	-885.7275	-1115.271	229.5438	1.215769	3.391769	1.5249
8520	-886.0428	-1115.785	229.7423	1.203657	4.119598	1.169995
8526	-880.1131	-1109.429	229.3159	1.330086	5.770029	1.012541
8532	-888.7047	-1117.66	228.9551	1.393031	5.423646	1.349255
8538	-892.8661	-1121.86	228.9937	1.201991	6.871366	1.191514
8544	-877.1825	-1106.529	229.3462	1.304675	6.112856	0.921015
8550	-884.5352	-1113.512	228.9767	1.094232	6.173149	1.420432
8556	-885.1732	-1114.349	229.1763	1.418433	6.173149	0.9655896
8562	-883.9952	-1112.713	228.7179	1.461844	7.525463	1.084602
8568	-885.1522	-1114.904	229.7521	1.436765	3.928223	1.004206
8574	-887.1699	-1116.581	229.4111	1.550655	5.002989	0.8932397
8580	-889.5024	-1118.347	228.8446	1.574088	7.846662	0.747398
8586	-889.5461	-1118.257	228.7112	1.692697	7.846662	0.7691429
8592	-884.6736	-1113.522	228.8484	1.692697	7.497413	0.6531441
8598	-889.2612	-1118.529	229.2677	1.749179	5.559342	0.5312058
8604	-893.5197	-1122.378	228.8588	1.631142	7.957046	0.4860319
8610	-893.8304	-1123.247	229.4168	1.44741	4.930492	1.017227
8616	-888.8603	-1118.293	229.4328	1.433246	4.414309	1.157545
8622	-906.7117	-1135.305	228.5935	1.261395	7.437198	1.374232
8628	-895.753	-1124.971	229.2184	1.264604	4.699529	1.401505
8634	-898.8518	-1128.264	229.412	1.197486	5.289727	1.1614
8640	-891.6102	-1120.637	229.0268	0.895703	4.634517	1.822785
8646	-888.6459	-1117.387	228.7406	1.201454	4.523923	1.832288
8652	-891.2049	-1120.34	229.1349	1.122181	5.207317	1.464711
8658	-894.9618	-1124.259	229.2975	1.365805	5.385051	1.090115
8664	-890.6242	-1119.899	229.2746	1.521464	5.522574	0.9221043
8670	-892.944	-1122.147	229.2027	1.471881	5.793176	0.9779435
8676	-902.3239	-1132.075	229.7515	1.526956	3.762667	0.9717491
8682	-914.3832	-1142.737	228.3539	1.068742	7.775859	1.647512
8688	-903.1384	-1131.988	228.8499	1.14721	4.764079	1.744406
8694	-897.6207	-1127.219	229.598	1.333247	4.39185	1.105358
8700	-882.188	-1110.726	228.5378	1.228564	5.988208	1.678207
8706	-889.7999	-1118.768	228.9684	1.075238	6.382582	1.403889
8712	-890.9244	-1119.547	228.6223	1.215018	7.127883	1.437186
8718	-885.7259	-1114.437	228.7109	0.9667791	7.127883	1.557103
8724	-895.495	-1124.11	228.6145	1.061523	4.086082	2.103841
8730	-891.2128	-1119.801	228.588	0.8397376	6.416073	1.844476
8736	-890.8206	-1120.186	229.3652	0.9142198	3.92242	1.732631
8742	-900.2252	-1129.49	229.2649	1.278179	5.438803	1.184802
8748	-896.9345	-1125.656	228.7215	1.38722	6.822651	1.273622
8754	-896.1323	-1125.278	229.1454	1.425794	5.793788	1.078511
8760	-888.4574	-1117.482	229.0248	1.58583	5.636862	1.078511
8766	-880.1259	-1109.901	229.7751	1.401678	4.038008	0.9789844
8772	-886.7471	-1115.643	228.8957	1.687987	6.76178	0.826571
8778	-902.0448	-1131.344	229.2993	1.322841	6.35054	0.8910369
8784	-886.0137	-1115.349	229.3357	1.583118	5.469754	0.7907796
8790	-889.4824	-1118.651	229.1682	1.445354	6.384647	0.8918069
8796	-890.1834	-1119.157	228.9738	1.654912	7.08254	0.6480513
8802	-883.8685	-1112.671	228.802	1.666037	6.921939	0.9213038
8808	-878.9679	-1108.394	229.4259	1.392731	5.225399	0.981104
8814	-892.0722	-1121.746	229.6736	1.398216	4.149654	1.046214
8820	-886.3501	-1115.723	229.3725	1.38581	4.862827	1.134311
8826	-878.424	-1108.067	229.643	1.179699	3.627025	1.410175
8832	-894.3142	-1123.778	229.464	0.9250269	5.407743	1.319914
8838	-896.1148	-1125.167	229.0525	1.095445	4.819545	1.625676
8844	-882.902	-1111.272	228.3701	1.082912	4.883816	2.089363
8850	-885.1563	-1113.799	228.6427	1.135251	4.65287	1.917733
8856	-886.8007	-1115.518	228.7173	1.127085	7.143361	1.429291
8862	-885.6691	-1113.91	228.2411	1.081036	6.336709	1.928761
8868	-900.3041	-1129.389	229.0852	1.113298	4.291141	1.704008
8874	-894.7648	-1123.911	229.1458	1.129369	4.377445	1.62976
8880	-900.8245	-1130.078	229.2538	1.134401	5.154369	1.374625
8886	-886.2676	-1114.866	228.5985	1.248096	5.816235	1.650902
8892	-884.4726	-1113.749	229.2766	0.9740418	5.08733	1.494371
8898	-891.9196	-1120.812	228.8922	1.14061	6.830487	1.333806
8904	-891.6628	-1120.542	228.8789	1.206658	4.768415	1.68105
8910	-883.1326	-1112.265	229.1325	1.027741	4.768415	1.627557
8916	-890.9532	-1120.75	229.7967	1.304948	3.558446	1.204413
8922	-903.0439	-1131.954	228.9102	1.476813	6.943051	1.001113
8928	-884.1789	-1113.549	229.3697	1.443519	5.17237	1.001113
8934	-893.0744	-1122.4	229.3257	1.553609	5.077834	0.9602079
8940	-899.0383	-1127.818	228.7792	1.122164	6.35674	1.516624
8946	-890.93	-1120.153	229.2227	1.469378	5.910129	0.9292955
8952	-884.7938	-1113.923	229.1291	1.71116	5.857358	0.7632808
8958	-887.7095	-1116.975	229.2652	1.642804	5.784877	0.6822154
8964	-887.6988	-1116.646	228.9475	1.303447	7.940427	0.9333339
8970	-888.0421	-1116.663	228.6205	1.523178	7.889856	1.051406
8976	-906.8144	-1136.103	229.2881	1.576245	4.97314	1.005168
8982	-895.1848	-1123.965	228.7797	1.171391	6.581665	1.440488
8988	-898.8396	-1127.499	228.659	1.304156	4.537656	1.814883
8994	-896.7814	-1125.483	228.7013	1.783474	7.649177	0.7029716
9000	-882.1381	-1110.983	228.8449	1.578617	7.804754	0.7523797
9006	-887.3546	-1116.697	229.3425	1.499698	5.04902	1.00613
9012	-899.8019	-1129.022	229.22	1.049669	5.611823	1.372863
9018	-884.4788	-1113.818	229.3397	1.279056	3.900459	1.491977
9024	-887.8265	-1117.253	229.4267	1.208435	3.85278	1.491977
9030	-878.6688	-1107.23	228.561	1.121524	6.427466	1.664426
9036	-892.3445	-1120.906	228.5613	1.193346	6.583096	1.587023
9042	-899.3302	-1128.858	229.5275	1.602582	4.803345	0.7504008
9048	-887.934	-1117.509	229.5749	1.456213	4.803345	0.8789799
9054	-898.3585	-1127.894	229.5358	1.50565	4.170643	1.068572
9060	-881.9638	-1111.203	229.2393	1.533154	5.681507	0.903368
9066	-880.4411	-1109.796	229.3551	1.46703	4.749941	1.106184
9072	-892.2467	-1121.529	229.2823	1.277936	4.989518	1.273112
9078	-892.8869	-1121.648	228.7613	1.480836	5.967601	1.324441
9084	-902.4841	-1131.169	228.6848	0.8292815	7.040985	1.688533
9090	-894.554	-1123.084	228.5299	1.111833	6.819285	1.631208
9096	-892.4837	-1121.174	228.6905	0.7449309	4.146268	2.247251
9102	-896.2424	-1125.236	228.9932	0.7530855	3.821418	2.116808
9108	-905.811	-1134.762	228.9513	0.8630189	4.618258	1.900103
9114	-900.3956	-1129.255	228.8594	0.936479	4.679964	1.900103
9120	-912.661	-1141.535	228.874	0.7354187	4.251617	2.112212
9126	-902.4269	-1131.961	229.5337	1.238302	4.505432	1.214519
9132	-894.3117	-1124.076	229.7643	1.322491	4.505432	0.9161559
9138	-904.8516	-1134.351	229.4997	1.476468	5.640934	0.6116766
9144	-902.4043	-1131.561	229.1562	1.282235	4.530095	1.474556
9150	-900.8051	-1130.136	229.3305	1.173658	5.611825	1.179857
9156	-900.9526	-1130.377	229.4248	1.406141	4.444999	1.179857
9162	-893.6428	-1122.564	228.921	1.104	6.593273	1.381296
9168	-898.9186	-1127.873	228.9547	1.292003	5.683327	1.376652
9174	-885.7068	-1114.287	228.5797	1.240672	6.550672	1.544059
9180	-887.3008	-1116.232	228.9312	1.238274	5.19587	1.532734
9186	-895.8048	-1124.53	228.7249	1.270241	6.771211	1.373844
9192	-894.7234	-1123.638	228.9144	1.267357	7.45079	1.096589
9198	-887.7468	-1116.974	229.2277	1.15951	4.599526	1.49736
9204	-890.7435	-1119.349	228.6052	1.117244	4.856269	1.915066
9210	-889.6411	-1118.87	229.2292	1.133054	4.548578	1.527459
9216	-883.2398	-1112.737	229.4974	1.349167	4.548578	1.138259
9222	-880.1648	-1109.46	229.2951	1.319707	5.367819	1.138259
9228	-889.9128	-1119.417	229.5038	1.443385	4.451877	1.073368
9234	-887.5028	-1116.212	228.709	1.401656	7.682134	1.119439
9240	-905.4004	-1134.776	229.3756	1.634783	4.932117	0.8599818
9246	-887.4348	-1116.742	229.3076	1.411866	4.582179	1.239213
9252	-885.5957	-1114.769	229.1732	1.284332	5.701325	1.200488
9258	-894.659	-1123.924	229.2653	1.434487	5.314606	1.073574
9264	-891.924	-1120.718	228.7941	1.161581	6.332169	1.480109
9270	-901.9734	-1131.014	229.0408	1.333011	6.689839	1.067112
9276	-902.5936	-1132.015	229.4214	1.221358	5.002211	1.200789
9282	-898.2118	-1127.253	229.0409	1.221358	5.46313	1.408523
9288	-901.4501	-1130.1	228.6496	1.403343	6.37235	1.398532
9294	-905.5675	-1135.101	229.5332	1.205455	4.322699	1.289542
9300	-898.4875	-1127.256	228.7684	1.036881	6.112557	1.628932
9306	-898.7152	-1127.487	228.7715	1.092929	4.088799	1.978501
9312	-896.6971	-1125.98	229.2831	1.217123	5.266481	1.259808
9318	-897.9277	-1126.573	228.6449	0.9338939	4.504873	2.080285
9324	-908.5165	-1136.879	228.3627	0.8009458	5.32669	2.198414
9330	-896.1772	-1125.295	229.1175	0.97238	4.407153	1.754707
9336	-887.4182	-1116.36	228.942	1.333475	5.481658	1.394524
9342	-884.9793	-1114.223	229.2434	1.02818	4.334031	1.642178
9348	-882.4137	-1111.221	228.8076	0.8103698	4.212557	2.114835
9354	-892.8581	-1122.017	229.1588	1.028198	4.4974	1.666436
9360	-884.3077	-1112.732	228.4243	1.134347	6.056128	1.812353
9366	-887.3098	-1116.162	228.8526	1.11156	4.546472	1.812353
9372	-881.5463	-1110.732	229.1853	1.345744	4.546472	1.399759
9378	-888.229	-1117.223	228.9939	1.120943	5.717375	1.471636
9384	-879.9386	-1109.343	229.4046	1.051791	4.71986	1.41744
9390	-877.7343	-1107.264	229.5295	1.231619	5.057678	1.08161
9396	-895.6091	-1125.012	229.4032	1.196993	5.057678	1.223855
9402	-894.6979	-1124.293	229.5951	1.145873	4.553891	1.228304
9408	-904.2429	-1133.579	229.3366	1.166524	5.625522	1.177693
9414	-912.4893	-1140.954	228.4649	1.183094	8.377431	1.394855
9420	-898.6333	-1127.686	229.0531	1.032403	5.870817	1.465024
9426	-893.7268	-1123.16	229.4336	1.067943	4.527518	1.427026
9432	-893.5521	-1122.948	229.3954	1.187947	3.921606	1.513029
9438	-905.8505	-1135.283	229.4328	1.150589	3.921606	1.513029
9444	-892.8597	-1121.887	229.027	1.230921	6.785147	1.153625
9450	-899.6834	-1129.303	229.6199	0.9572609	4.524717	1.368842
9456	-893.3181	-1122.475	229.157	1.180004	4.524717	1.551572
9462	-882.8462	-1112.191	229.3447	1.273933	4.565726	1.325971
9468	-888.0853	-1116.983	228.898	1.233136	7.204582	1.186446
9474	-871.6801	-1100.716	229.0357	1.235747	7.204582	1.059859
9480	-890.0403	-1119.537	229.4967	1.186976	3.438473	1.567784
9486	-888.1371	-1117.091	228.9538	0.8872187	4.432993	1.920201
9492	-877.1332	-1106.175	229.0415	0.9809006	5.098158	1.659401
9498	-887.9434	-1116.441	228.4978	0.8974143	6.267984	1.889997
9504	-897.9373	-1126.72	228.7827	1.008011	4.748389	1.889997
9510	-881.4581	-1109.862	228.4034	0.8414662	4.964688	2.210056
9516	-883.3573	-1112.632	229.2743	1.111299	4.488633	1.523709
9522	-881.1059	-1110.202	229.0958	0.9670694	4.625533	1.726921
9528	-893.5746	-1122.341	228.7662	0.9457912	5.928502	1.726921
9534	-899.1561	-1127.833	228.6769	1.126655	4.58111	1.914962
9540	-891.4517	-1121.352	229.9003	1.08159	2.947141	1.493991
9546	-894.3651	-1123.708	229.343	1.288567	4.193813	1.407458
9552	-901.2084	-1129.73	228.522	0.9266256	5.529511	1.976035
9558	-889.7714	-1118.444	228.673	0.9222948	5.355223	1.907941
9564	-904.2691	-1134.012	229.7426	1.299809	2.908435	1.460905
9570	-898.6092	-1127.686	229.0766	1.161876	6.205314	1.281364
9576	-898.5434	-1127.587	229.0438	1.161876	4.668209	1.615965
9582	-892.146	-1121.226	229.0801	1.084838	5.735925	1.429853
9588	-890.9749	-1120.169	229.1936	1.159044	4.271216	1.597952
9594	-900.8005	-1129.55	228.7497	1.077266	6.201619	1.597952
9600	-909.4425	-1137.937	228.4943	1.224015	6.876558	1.56644
9606	-904.7187	-1133.726	229.0068	1.394605	5.906607	1.204901
9612	-892.7458	-1121.235	228.4895	1.543584	9.92084	0.7812764
9618	-885.1777	-1114.028	228.8506	1.138505	6.707251	1.389614
9624	-882.036	-1111.102	229.0656	1.128038	5.949225	1.366548
9630	-878.4306	-1107.122	228.6918	1.094467	7.312697	1.447058
9636	-896.1949	-1124.554	228.3595	1.188135	6.066884	1.818113
9642	-882.116	-1110.988	228.8716	1.027185	4.980393	1.769804
9648	-885.3989	-1114.206	228.8074	1.036516	4.60613	1.882415
9654	-880.3015	-1109.109	228.8077	1.230739	4.59655	1.750222
9660	-880.35	-1108.554	228.2036	0.8873662	4.022673	2.491537
9666	-885.8766	-1113.806	227.9297	0.9054287	5.068504	2.452405
9672	-884.2628	-1113.023	228.7607	1.155486	6.128324	1.545266
9678	-882.4066	-1111.416	229.009	1.218908	6.189796	1.292997
9684	-885.1273	-1114.483	229.3557	1.317888	5.902481	0.9510114
9690	-886.0445	-1114.743	228.6982	1.166544	7.813273	1.307093
9696	-891.1495	-1120.124	228.9748	1.221196	5.123643	1.527726
9702	-897.7704	-1126.919	229.1489	1.146153	5.070779	1.464333
9708	-900.2774	-1129.738	229.4601	1.451912	5.083591	0.9236016
9714	-900.9066	-1130.425	229.5187	1.591867	4.935491	0.7217674
9720	-893.1628	-1122.547	229.384	1.393573	5.433538	0.9663929
9726	-885.1439	-1114.43	229.2861	1.470239	5.413295	0.9934459
9732	-890.0779	-1119.481	229.4034	1.361703	5.248356	1.028233
9738	-892.9969	-1121.999	229.0021	1.091104	5.756485	1.480625
9744	-897.6356	-1126.313	228.677	1.281267	4.522931	1.821341
9750	-903.9299	-1133.07	229.1403	1.210033	5.289636	1.375602
9756	-904.829	-1133.677	228.8481	1.210033	6.621688	1.350124
9762	-912.5789	-1141.546	228.967	1.011321	6.00566	1.5209
9768	-896.6596	-1126.013	229.3538	1.28969	4.781927	1.253304
9774	-884.5084	-1113.395	228.8868	1.062654	6.349276	1.48183
9780	-890.0896	-1119.287	229.1976	1.135038	4.855473	1.48183
9786	-893.9059	-1122.669	228.7628	1.015318	3.896169	2.078852
9792	-897.8541	-1126.658	228.8041	0.915044	4.070939	2.078852
9798	-894.4248	-1123.109	228.6847	1.157836	7.082387	1.440569
9804	-889.209	-1118.076	228.8675	1.498621	7.919306	0.8018691
9810	-873.2284	-1102.57	229.3415	1.527071	5.752085	0.7600685
9816	-873.0575	-1102.17	229.1125	1.403896	6.809758	0.8945043
9822	-881.8676	-1110.922	229.0544	1.510875	6.624824	0.8850468
9828	-881.7121	-1110.878	229.1661	1.399227	6.624824	0.8850468
9834	-879.8107	-1108.785	228.9741	1.651353	6.624824	0.8116981
9840	-881.5079	-1110.726	229.2179	1.46081	6.193754	0.8676899
9846	-888.6601	-1117.644	228.9837	1.743598	6.477237	0.7114035
9852	-877.7872	-1107.067	229.28	1.588362	5.41271	0.8727738
9858	-889.5413	-1118.821	229.28	1.588362	5.41271	0.8727738
9864	-906.057	-1135.192	229.1352	1.519385	6.373502	0.8465061
9870	-895.412	-1124.708	229.2958	1.430243	6.523211	0.6957008
9876	-897.8914	-1126.66	228.7684	1.226399	5.475051	1.606487
9882	-889.6647	-1118.809	229.1439	1.554269	6.230146	0.833779
9888	-883.4747	-1113.056	229.5812	1.554269	4.308448	0.9299382
9894	-893.7647	-1122.615	228.8506	1.705257	6.751833	0.8633222
9900	-894.9408	-1123.968	229.0271	1.642928	6.751833	0.704867
9906	-895.8516	-1125.221	229.3696	1.524039	5.792103	0.704867
9912	-886.7243	-1115.986	229.2621	1.138461	5.792103	1.229639
9918	-894.4005	-1123.296	228.8953	1.315898	4.876342	1.567713
9924	-895.6308	-1124.862	229.2313	1.315898	4.876342	1.309923
9930	-894.4327	-1123.667	229.2341	1.313045	4.876342	1.309923
9936	-908.999	-1138.297	229.2978	1.500295	5.537155	0.9156995
9942	-917.0629	-1146.192	229.129	1.122315	4.960565	1.520404
9948	-896.3462	-1125.68	229.3335	1.166075	4.308193	1.480422
9954	-886.6684	-1116.277	229.6089	1.266932	4.223445	1.201424
9960	-897.5278	-1126.594	229.0662	1.345949	6.952623	0.9735922
9966	-895.039	-1123.993	228.9543	1.145436	6.952623	1.257933
9972	-888.8171	-1117.812	228.9952	1.206725	6.691676	1.219716
9978	-885.0445	-1114.03	228.9854	1.388692	7.279865	0.9417211
9984	-893.116	-1122.25	229.1338	1.382615	5.642867	1.16227
9990	-888.7072	-1117.692	228.9849	1.336379	6.021824	1.249002
9996	-886.4029	-1115.159	228.7557	1.153268	6.606794	1.468339
10002	-878.1175	-1106.956	228.8387	1.244809	5.86092	1.468339
10008	-877.937	-1107.004	229.0671	1.452131	5.86092	1.111095
10014	-886.6411	-1115.691	229.0501	1.35236	6.39335	1.102388
10020	-897.545	-1126.426	228.881	1.311705	7.054083	1.160259
10026	-893.7044	-1123.021	229.317	1.028439	6.369367	1.158441
10032	-889.4029	-1118.24	228.8374	1.322373	8.074575	1.001396
10038	-904.3497	-1133.216	228.866	1.152444	8.853911	1.001396
10044	-902.9353	-1130.917	227.9814	1.093987	7.32482	1.950492
10050	-883.708	-1112.671	228.9629	1.204123	4.373002	1.707984
10056	-888.0395	-1117.154	229.1148	1.016933	4.466228	1.712439
10062	-894.9083	-1124.104	229.196	1.170834	4.287319	1.583858
10068	-889.4394	-1118.578	229.1385	1.013478	4.02701	1.796828
10074	-873.9142	-1103.053	229.1385	1.013478	4.02701	1.796828
10080	-891.8681	-1120.825	228.9573	0.9159487	4.93295	1.796828
10086	-910.4443	-1139.749	229.3043	1.068319	4.326146	1.570602
10092	-890.4498	-1119.875	229.4248	1.352267	4.144207	1.305025
10098	-889.4545	-1118.325	228.8701	1.332444	4.898397	1.569453
10104	-890.6147	-1119.725	229.1108	1.330658	5.193043	1.323954
10110	-886.0762	-1115.062	228.9859	0.8985937	5.193043	1.738632
10116	-893.7843	-1122.611	228.8271	1.002995	5.396339	1.738632
10122	-878.4962	-1107.971	229.4746	1.045029	4.936691	1.318294
10128	-891.0639	-1120.023	228.959	1.10151	5.870837	1.48387
10134	-891.2502	-1119.627	228.3765	1.337392	10.94768	0.9718987
10140	-885.2861	-1114.353	229.0665	1.298903	6.726893	1.067401
10146	-889.2486	-1118.164	228.915	1.222515	6.50514	1.307469
10152	-897.95	-1127.248	229.298	1.094772	5.445146	1.308977
10158	-902.7535	-1131.43	228.6763	1.308418	7.202721	1.308977
10164	-893.812	-1123.032	229.2198	1.245627	6.050512	1.118135
10170	-893.4081	-1122.601	229.1928	1.187063	6.050512	1.193505
10176	-891.8124	-1120.726	228.9135	1.376308	7.745002	0.9321382
10182	-900.6679	-1129.936	229.2683	1.386861	5.654368	1.031973
10188	-900.1558	-1128.868	228.7123	1.161439	7.89232	1.287393
10194	-902.1288	-1131.202	229.0731	1.346927	4.16545	1.573642
10200	-887.1203	-1116.205	229.0846	1.257789	4.622229	1.525783
10206	-899.1386	-1128.59	229.4516	1.328385	4.740035	1.146706
10212	-881.7551	-1110.766	229.0106	1.114203	5.892672	1.430874
10218	-881.8034	-1110.648	228.8449	1.413768	8.687941	0.7539809
10224	-891.2464	-1120.38	229.1334	1.272702	6.568575	1.062107
10230	-882.5335	-1111.57	229.0366	1.370088	6.568575	1.061589
10236	-896.0973	-1125.247	229.1497	1.522016	5.987973	0.9308941
10242	-905.0082	-1134.056	229.0478	1.497096	6.356523	0.9729274
10248	-884.3132	-1112.635	228.3221	1.539599	10.46488	0.889821
10254	-877.5377	-1106.812	229.2742	1.359209	5.406951	1.112227
10260	-893.293	-1122.023	228.7304	1.249265	8.388636	1.116876
10266	-893.4945	-1122.263	228.7681	1.118184	4.767962	1.820603
10272	-882.6985	-1111.223	228.5246	1.091338	7.285632	1.578383
10278	-885.42	-1114.396	228.9761	1.326202	7.184807	1.034292
10284	-884.9039	-1113.948	229.0445	1.218021	6.003309	1.301007
10290	-886.1329	-1115.447	229.3145	1.56905	5.092462	0.9514915
10296	-891.8527	-1120.934	229.081	1.398705	5.180431	1.295745
10302	-900.6062	-1129.952	229.3454	1.398705	5.266984	1.04368
10308	-891.7729	-1120.868	229.0952	1.276209	5.787448	1.254986
10314	-885.4717	-1114.502	229.0305	1.154322	5.240975	1.512237
10320	-895.9477	-1125.069	229.1215	1.715289	5.741155	0.8076984
10326	-900.4072	-1129.431	229.0239	1.6681	5.913228	0.928597
10332	-907.6447	-1136.765	229.1199	1.618037	6.436348	0.7090647
10338	-892.9446	-1122.391	229.4467	1.618037	4.998747	0.7646696
10344	-888.9766	-1117.938	228.9609	1.491654	6.372545	1.060162
10350	-899.6657	-1128.302	228.6358	1.352622	5.019265	1.699182
10356	-902.2511	-1131.65	229.3988	1.260285	4.177067	1.390263
10362	-903.9259	-1133.352	229.4257	1.117701	5.418384	1.189219
10368	-888.1563	-1116.924	228.7681	1.02121	5.418384	1.763145
10374	-889.1837	-1118.046	228.8625	1.05064	5.418384	1.675848
10380	-874.5402	-1103.344	228.8039	1.20794	6.612997	1.388165
10386	-897.2993	-1126.65	229.3511	1.283236	4.73859	1.271326
10392	-896.5763	-1125.776	229.2001	1.106506	3.179823	1.904355
10398	-895.5017	-1124.25	228.7478	0.7631037	5.21086	1.99073
10404	-895.7319	-1124.09	228.3581	0.7987479	4.236806	2.405959
10410	-900.383	-1129.204	228.8214	1.036966	5.596572	1.681998
10416	-903.0836	-1132.357	229.2733	0.988196	4.769185	1.553508
10422	-894.7261	-1124.046	229.32	1.134322	4.398853	1.493076
10428	-894.3711	-1122.356	227.9849	0.9942399	5.339435	2.314774
10434	-900.7831	-1130.02	229.2369	1.041875	4.153409	1.67849
10440	-893.6584	-1122.126	228.4672	0.9991786	6.397512	1.820841
10446	-895.8146	-1124.58	228.7655	0.9713609	5.302249	1.820841
10452	-898.3539	-1127.697	229.3434	1.134239	5.401457	1.248703
10458	-891.4935	-1120.715	229.2216	1.3294	5.140454	1.246015
10464	-902.6558	-1132.059	229.4033	1.500888	5.512203	0.795657
10470	-898.18	-1127.605	229.4246	1.483806	4.675482	1.046084
10476	-885.3453	-1114.477	229.1315	1.433277	6.109588	1.011042
10482	-891.6408	-1120.568	228.9271	1.193497	7.064051	1.220598
10488	-873.8053	-1102.812	229.0064	1.369725	6.485186	1.107332
10494	-885.9956	-1115.228	229.232	1.449175	6.485186	0.7789122
10500	-887.5981	-1116.542	228.9435	1.549755	7.884657	0.5777637
10506	-883.8706	-1113.221	229.3504	1.335921	5.953298	0.9240898
10512	-882.4388	-1111.417	228.9783	1.105655	7.051429	1.253585
10518	-884.6452	-1114.143	229.4974	1.081731	4.847024	1.29076
10524	-901.4845	-1129.724	228.2399	0.9634644	6.952715	1.916648
10530	-901.2627	-1130.549	229.2859	1.717466	5.484553	0.64363
10536	-894.5454	-1123.12	228.575	1.499038	9.144352	0.8891853
10542	-890.8905	-1120.107	229.2168	1.360748	5.609273	1.115409
10548	-892.2836	-1121.164	228.8804	1.528492	7.833134	0.7657344
10554	-895.1436	-1123.707	228.5631	1.288479	9.558776	1.048053
10560	-885.7059	-1114.331	228.6249	1.567382	9.138259	0.7360929
10566	-894.8032	-1123.799	228.996	1.829212	6.1933	0.6502183
10572	-879.3575	-1108.466	229.109	1.593527	6.885062	0.5513089
10578	-891.8754	-1120.599	228.7241	1.725751	8.152563	0.5433623
10584	-892.7971	-1122.332	229.535	1.538592	4.769769	0.8399046
10590	-893.8397	-1123.259	229.419	1.422379	5.437279	0.8963987
10596	-888.9061	-1118.228	229.3219	1.183585	5.437279	1.217374
10602	-898.236	-1127.271	229.0346	1.234073	6.369212	1.2246
10608	-897.8148	-1127.354	229.539	1.10292	5.269513	1.137488
10614	-886.7694	-1116.372	229.6021	1.112811	4.426318	1.282445
10620	-887.4679	-1117.094	229.6263	1.178732	3.725772	1.396263
10626	-886.4578	-1115.921	229.4635	1.522521	5.088447	0.8362357
10632	-888.1445	-1117.059	228.915	1.456843	7.098543	0.9832489
10638	-895.1295	-1124.704	229.5749	1.428899	4.489471	1.007815
10644	-885.5321	-1115.018	229.4862	1.429404	4.960625	0.9565209
10650	-906.3768	-1135.469	229.0921	1.482997	7.450569	0.5901042
10656	-897.4386	-1126.26	228.8211	1.576168	7.784434	0.7950374
10662	-891.625	-1120.416	228.7912	1.46936	7.784434	0.9551062
10668	-905.3043	-1134.216	228.9119	1.347687	8.110382	0.8880235
10674	-895.8029	-1124.627	228.8243	1.457485	8.419389	0.7897253
10680	-901.9163	-1130.815	228.8984	1.316977	7.251587	1.102975
10686	-896.0981	-1124.516	228.4177	1.171541	8.772034	1.385525
10692	-899.2995	-1128.142	228.8426	1.068603	6.981719	1.403972
10698	-894.1166	-1123.108	228.9913	1.012484	7.191771	1.29541
10704	-895.9706	-1124.677	228.7059	1.012728	6.200234	1.676176
10710	-903.8589	-1133.337	229.4782	1.543982	4.621199	0.9481863
10716	-907.908	-1137.442	229.5336	1.42898	3.204522	1.427094
10722	-903.4975	-1132.215	228.7172	1.270994	6.117806	1.493425
10728	-911.9096	-1140.859	228.9497	1.395907	5.879478	1.257491
10734	-903.5327	-1132.306	228.7736	1.058996	9.232347	1.11615
10740	-892.2745	-1120.98	228.7059	1.021894	9.417614	1.181496
10746	-900.2622	-1129.29	229.0273	1.182383	7.849278	0.994399
10752	-889.8164	-1119.373	229.5565	1.028353	4.259677	1.427214
10758	-891.1816	-1120.716	229.5343	1.276969	4.123535	1.282646
10764	-888.763	-1117.507	228.7439	1.091825	7.020781	1.45566
10770	-896.6453	-1124.947	228.3016	1.145721	5.465902	1.987908
10776	-909.5333	-1138.295	228.7617	0.7974556	6.477126	1.743799
10782	-896.6231	-1125.534	228.9107	0.991394	5.027725	1.758234
10788	-883.9026	-1112.973	229.0703	1.342422	5.604741	1.258909
10794	-895.5725	-1124.238	228.665	1.241366	6.575559	1.475599
10800	-892.7867	-1122.407	229.6202	1.466231	4.393304	0.9537446
10806	-884.2788	-1114.079	229.7997	1.286344	3.278897	1.30627
10812	-883.2201	-1112.733	229.5129	1.352289	4.604517	1.106264
10818	-885.8134	-1114.329	228.5155	1.297847	5.939573	1.653075
10824	-882.328	-1111.666	229.3384	1.305677	4.424775	1.340089
10830	-885.6486	-1114.333	228.6845	1.191543	5.321735	1.720214
10836	-893.3428	-1122.092	228.7497	1.678848	6.575851	1.03916
10842	-891.6919	-1120.906	229.2139	1.573583	5.762981	0.8623826
10848	-898.9008	-1128.121	229.2199	1.482138	5.683341	0.9779827
10854	-878.5141	-1107.983	229.4692	1.069476	4.71863	1.353365
10860	-893.4662	-1122.597	229.1304	1.085761	4.755864	1.58962
10866	-895.5848	-1124.731	229.1461	0.8940993	4.755864	1.715759
10872	-903.1827	-1132.135	228.9528	1.324416	5.451091	1.399388
10878	-887.8124	-1116.789	228.9764	1.322367	7.165745	1.041497
10884	-884.4038	-1113.777	229.3732	1.146966	4.402586	1.442229
10890	-873.0778	-1102.607	229.5287	1.104499	4.233212	1.396299
10896	-882.4396	-1111.607	229.1671	1.079679	4.233212	1.682853
10902	-876.6243	-1106.21	229.5854	1.126016	4.205949	1.34161
10908	-879.7975	-1109.389	229.591	1.183292	4.205949	1.290943
10914	-887.0862	-1116.538	229.4516	1.442773	4.897824	0.996484
10920	-883.6157	-1113.266	229.6505	1.59115	4.289776	0.812014
10926	-874.7527	-1103.861	229.1079	1.28317	5.330594	1.33464
10932	-905.4851	-1134.399	228.9141	1.422559	6.926434	1.053609
10938	-901.4583	-1130.124	228.6656	1.200602	5.736562	1.651084
10944	-897.5741	-1126.647	229.0725	1.252672	5.142989	1.42603
10950	-904.9481	-1134.101	229.1532	1.192707	5.142989	1.410052
10956	-898.6323	-1127.727	229.0946	1.351231	5.732505	1.203842
10962	-892.8581	-1121.855	228.997	1.3179	6.381102	1.182688
10968	-892.4183	-1121.533	229.1151	1.353898	6.106776	1.102619
10974	-895.1356	-1124.025	228.8897	1.406258	6.203481	1.234003
10980	-882.2855	-1111.209	228.9234	1.428926	6.143966	1.198068
10986	-891.0189	-1119.725	228.706	1.029007	5.920417	1.712116
10992	-884.9837	-1113.24	228.2567	1.28764	7.175733	1.646754
10998	-891.3783	-1120.103	228.7244	1.295366	7.379558	1.25048
11004	-896.867	-1125.331	228.4635	1.237274	7.053136	1.551617
11010	-871.3577	-1100.453	229.0954	1.329148	5.593142	1.251521
11016	-897.7096	-1126.182	228.472	1.328646	7.48321	1.409362
11022	-881.7119	-1110.715	229.0031	0.9935012	5.853051	1.534945
11028	-885.4118	-1114.187	228.7755	1.09465	6.035909	1.595198
11034	-887.1818	-1116.156	228.9741	1.120818	6.438515	1.353663
11040	-884.9673	-1113.653	228.6853	1.190418	7.164968	1.401602
11046	-896.3869	-1125.232	228.8449	1.243268	6.060765	1.427715
11052	-898.6675	-1128.228	229.5602	1.513973	4.614667	0.8933546
11058	-893.8041	-1122.945	229.141	1.403479	5.450753	1.180926
11064	-884.7337	-1114.161	229.4276	1.329551	5.094672	1.075736
11070	-892.0224	-1120.959	228.9362	1.169511	7.207716	1.207721
11076	-897.1077	-1125.614	228.5058	1.307349	8.691494	1.214982
11082	-884.0306	-1112.697	228.6665	1.420484	9.052868	0.8922216
11088	-888.5632	-1117.896	229.3324	1.403379	4.551013	1.233443
11094	-883.4286	-1112.628	229.1998	1.304154	5.264291	1.257222
11100	-902.1558	-1130.841	228.6854	1.205084	4.672852	1.837013
11106	-892.5938	-1122.11	229.5159	1.345505	4.797605	1.056774
11112	-901.0325	-1129.534	228.5013	1.018485	9.018571	1.406266
11118	-899.7706	-1129.119	229.3486	1.311797	4.673604	1.265649
11124	-886.7115	-1116.027	229.3155	1.440367	4.942787	1.116036
11130	-897.7834	-1126.944	229.161	1.190448	7.860876	0.8351708
11136	-877.6716	-1106.846	229.174	1.224088	5.634848	1.264666
11142	-866.5989	-1095.502	228.9033	1.242467	5.407469	1.508313
11148	-870.9678	-1100.269	229.3013	1.24684	6.557452	0.9211319
11154	-870.9245	-1099.926	229.0013	1.248781	5.403188	1.430056
11160	-891.7227	-1121.183	229.4608	1.395803	5.404609	0.8889028
11166	-907.4321	-1136.637	229.205	1.56843	5.784057	0.8728315
11172	-883.2772	-1112.609	229.3318	1.275242	5.498249	1.114523
11178	-889.5868	-1118.649	229.0617	1.273526	6.52792	1.135488
11184	-885.5556	-1115.183	229.6274	1.011927	4.706337	1.275055
11190	-886.9711	-1115.636	228.6649	1.373524	5.114412	1.644643
11196	-874.4964	-1103.93	229.4339	0.9856286	4.778946	1.432555
11202	-884.2215	-1113.229	229.0075	0.8789983	5.089923	1.757071
11208	-887.7603	-1117.111	229.3507	1.002078	3.616294	1.757071
11214	-871.7879	-1100.979	229.1912	1.079832	4.022494	1.714655
11220	-881.936	-1110.632	228.6957	1.484925	4.77407	1.611587
11226	-881.0991	-1110.281	229.1822	1.179758	5.304642	1.363248
11232	-918.5329	-1147.1	228.5672	1.144906	6.708107	1.597798
11238	-907.96	-1137.171	229.2109	0.9291025	4.294722	1.744386
11244	-909.5535	-1138.342	228.7885	1.110777	7.1855	1.37986
11250	-901.8398	-1131.053	229.2136	1.344733	4.969426	1.279293
11256	-891.8208	-1121.257	229.4365	1.052811	5.21915	1.279293
11262	-889.4897	-1118.751	229.2612	1.326703	5.545707	1.120783
11268	-895.0252	-1124.025	228.9996	1.258893	7.578021	0.9987367
11274	-888.7987	-1117.874	229.0749	1.191219	7.814936	0.9429455
11280	-885.6547	-1114.977	229.3225	1.287058	5.473143	1.118155
11286	-879.46	-1107.872	228.4117	1.276418	5.103368	1.891178
11292	-878.4035	-1107.529	229.1259	1.290405	5.046229	1.376003
11298	-874.3802	-1104.046	229.6662	1.396849	4.707641	0.874383
11304	-889.0032	-1118.443	229.4395	1.329398	4.668004	1.175126
11310	-906.9183	-1135.725	228.8066	1.273925	5.285785	1.580403
11316	-894.9254	-1124.301	229.3755	1.180686	4.677671	1.349093
11322	-892.5573	-1121.747	229.1897	1.234934	7.286419	0.88426
11328	-908.2705	-1137.443	229.1724	1.320015	4.687396	1.396937
11334	-883.9869	-1112.908	228.9209	1.180573	7.487521	1.162001
11340	-881.6878	-1110.606	228.9184	1.459909	7.487521	0.8905445
11346	-884.9688	-1113.133	228.164	1.108958	10.11379	1.458118
11352	-890.6256	-1119.394	228.7688	1.287489	8.308003	1.059659
11358	-892.5824	-1121.291	228.7083	1.368412	7.944679	1.104078
11364	-893.657	-1122.948	229.2911	1.389282	5.309041	1.092962
11370	-897.4304	-1126.047	228.6161	1.23508	7.465276	1.372693
11376	-892.3231	-1120.682	228.3585	1.316882	8.470615	1.360062
11382	-889.2485	-1117.954	228.7055	1.32961	7.626065	1.195641
11388	-885.4464	-1113.876	228.4296	1.184855	6.637118	1.679366
11394	-888.6671	-1117.594	228.9267	1.088181	5.417614	1.602784
11400	-882.1181	-1110.973	228.8551	1.031795	7.063661	1.40938
11406	-889.2308	-1118.298	229.0671	1.30417	6.371039	1.135209
11412	-879.155	-1108.035	228.8803	1.29358	8.140856	0.9745316
11418	-888.4807	-1117.185	228.7042	1.469036	7.694116	1.059422
11424	-875.8753	-1104.686	228.8106	1.08829	6.670159	1.46535
11430	-879.8939	-1108.677	228.7831	1.170114	6.427754	1.46535
11436	-886.0185	-1114.942	228.9234	1.50693	6.896597	0.9672225
11442	-885.2671	-1113.396	228.1291	1.588802	10.05837	1.098257
11448	-896.3993	-1124.63	228.2303	1.725718	10.05837	0.8526296
11454	-892.6469	-1121.934	229.2867	1.512989	5.255703	0.9920824
11460	-902.8441	-1131.928	229.0841	1.406477	5.62663	1.188326
11466	-881.0441	-1110.079	229.0348	1.523372	5.62663	1.128873
11472	-889.549	-1118.658	229.1087	1.378339	5.047952	1.319352
11478	-883.6646	-1112.77	229.1059	1.224648	5.636886	1.319352
11484	-883.7704	-1113.192	229.4212	1.200039	4.973376	1.22599
11490	-878.724	-1107.97	229.2458	1.333157	5.097081	1.232531
11496	-882.5846	-1111.489	228.9047	1.257794	6.403212	1.305963
11502	-888.8204	-1118.006	229.1852	1.210307	5.796957	1.232836
11508	-893.8521	-1122.614	228.7621	1.342883	8.323964	1.009676
11514	-907.4885	-1135.777	228.2882	1.215238	8.323964	1.512559
11520	-903.177	-1132.504	229.3272	1.350522	5.011953	1.168227
11526	-887.1725	-1116.351	229.1782	1.231239	4.956585	1.401017
11532	-891.4707	-1120.329	228.8585	1.092134	6.816046	1.401017
11538	-891.557	-1120.397	228.8402	1.092134	5.188553	1.705825
11544	-882.5631	-1111.835	229.2716	1.104914	5.188553	1.376456
11550	-892.7868	-1121.64	228.8537	1.168027	6.649687	1.373976
11556	-903.0699	-1132.056	228.986	1.198496	5.956718	1.372341
11562	-903.4738	-1132.229	228.7547	1.333202	6.834976	1.288474
11568	-896.8816	-1126.038	229.1559	1.315269	5.244937	1.288474
11574	-889.1319	-1118.235	229.1033	1.23612	4.721803	1.505971
11580	-882.2965	-1111.436	229.1397	1.223152	5.445224	1.333057
11586	-890.4898	-1119.482	228.9918	1.165792	5.729585	1.436737
11592	-887.8876	-1116.949	229.0614	1.467308	6.926104	0.8507008
11598	-888.6092	-1118.198	229.5888	1.154031	4.743206	1.178523
11604	-886.7902	-1115.625	228.8351	1.093713	6.240185	1.516303
11610	-878.7129	-1107.506	228.7927	0.9756148	8.657079	1.2578
11616	-882.6873	-1111.933	229.2461	0.9975894	5.260985	1.463839
11622	-881.9808	-1110.784	228.8028	0.9983994	5.260985	1.78398
11628	-886.1286	-1114.571	228.4425	0.9934875	6.02213	1.901845
11634	-902.1804	-1130.608	228.428	1.238458	10.41628	1.09477
11640	-904.5651	-1133.324	228.7585	0.9524497	4.880914	1.918067
11646	-900.2104	-1129.129	228.9184	0.9909354	4.342695	1.89298
11652	-906.9381	-1136.113	229.1745	1.031684	3.532361	1.879532
11658	-886.2756	-1115.269	228.993	1.036413	3.283198	2.061998
11664	-896.34	-1125.129	228.7894	1.207273	5.441769	1.611378
11670	-898.148	-1127.242	229.0941	1.192396	4.422783	1.611378
11676	-886.982	-1115.549	228.5673	0.900084	4.136211	2.228772
11682	-890.0734	-1118.94	228.8671	1.050536	3.003045	2.209887
11688	-885.9364	-1114.726	228.7897	0.9823938	4.10285	2.036877
11694	-889.8396	-1118.755	228.9153	1.551502	6.482582	1.022324
11700	-909.0447	-1138.245	229.2004	0.9759447	4.10285	1.76237
11706	-884.4264	-1113.124	228.6973	1.004057	6.199133	1.688689
11712	-886.838	-1116.047	229.2091	1.059523	3.598866	1.819873
11718	-896.6933	-1126.256	229.5631	1.450756	3.598866	1.265705
11724	-912.0259	-1140.731	228.7054	1.233319	6.143864	1.525814
11730	-891.5997	-1120.94	229.3401	1.313391	5.371538	1.102485
11736	-895.3133	-1124.306	228.9929	1.437374	6.272433	1.102485
11742	-883.6368	-1113.182	229.5449	1.192279	3.653655	1.468257
11748	-897.6394	-1127.502	229.8627	1.482735	3.569599	0.9746063
11754	-890.6957	-1119.997	229.3017	1.334956	5.509522	1.084666
11760	-882.5662	-1111.955	229.3889	1.268427	5.509522	1.065341
11766	-886.121	-1115.515	229.3942	1.218868	4.980089	1.231328
11772	-885.2055	-1113.643	228.4375	1.206538	6.424866	1.69225
11778	-881.7367	-1110.47	228.7332	1.068317	5.422724	1.75384
11784	-882.7389	-1111.742	229.0029	1.140099	4.801498	1.63301
11790	-895.3269	-1123.872	228.5454	1.163497	6.36681	1.655533
11796	-887.8344	-1116.82	228.9853	1.437513	5.569196	1.258091
11802	-890.7936	-1119.791	228.9979	1.624453	6.48791	0.8540577
11808	-892.8665	-1122.145	229.2783	1.578888	5.644994	0.8127825
11814	-884.3853	-1113.843	229.4582	1.035208	4.968576	1.33207
11820	-914.58	-1143.751	229.171	1.16448	4.499665	1.558309
11826	-892.3936	-1121.809	229.415	1.1143	4.499665	1.412131
11832	-910.1628	-1139.289	229.1258	1.278253	5.820812	1.220632
11838	-894.2253	-1123.408	229.1823	1.177614	4.727618	1.489254
11844	-897.3485	-1125.974	228.6254	0.9193388	7.374141	1.617092
11850	-892.0277	-1121.326	229.2979	1.190943	4.992785	1.330298
11856	-888.085	-1116.951	228.8663	1.265573	6.958153	1.230079
11862	-892.0251	-1121.209	229.1839	1.210378	6.588222	1.069148
11868	-905.7678	-1134.5	228.7318	1.088075	7.110607	1.453332
11874	-888.2387	-1117.169	228.9303	1.888563	6.382145	0.4885897
11880	-892.2736	-1120.975	228.7017	1.547786	8.848271	0.7246086
11886	-896.0664	-1124.892	228.8251	1.47339	8.571593	0.7246086
11892	-892.2037	-1120.925	228.7216	1.434021	7.827314	1.051496
11898	-880.6941	-1109.264	228.5704	1.434021	8.6423	1.051496
11904	-871.5443	-1100.228	228.6842	1.315923	8.77917	1.032349
11910	-882.1815	-1111.124	228.9429	1.125381	8.393772	1.033163
11916	-886.6803	-1115.323	228.6425	1.2548	7.521879	1.327059
11922	-893.3219	-1122.374	229.0518	1.217541	6.826665	1.135419
11928	-892.5869	-1121.584	228.9974	1.277666	6.117553	1.268342
11934	-914.4284	-1143.66	229.2312	1.290696	5.148365	1.268342
11940	-894.008	-1122.829	228.8211	1.3799	7.94095	0.9854605
11946	-903.2372	-1132.224	228.9868	1.587084	7.198688	0.706504
11952	-888.8726	-1117.907	229.034	1.559391	7.198688	0.6707976
11958	-895.8711	-1124.853	228.9822	1.682793	6.786023	0.7006111
11964	-900.6985	-1129.153	228.4548	1.048744	7.138435	1.681482
11970	-903.9224	-1132.614	228.6921	1.581879	8.204749	0.850358
11976	-898.4182	-1127.549	229.1309	1.342293	6.134931	1.092705
11982	-887.3904	-1116.449	229.0583	1.466164	7.05506	0.8218534
11988	-891.6108	-1120.278	228.6673	1.466164	9.123588	0.8218534
11994	-892.9266	-1121.635	228.7083	1.344964	9.123588	0.9164281
12000	-897.2269	-1125.482	228.2552	1.428915	7.169627	1.545896
12006	-892.6461	-1121.693	229.0472	1.363162	6.610011	1.049273
12012	-887.8948	-1116.953	229.0582	1.432945	6.401773	1.016503
12018	-877.0316	-1105.808	228.7761	1.166402	6.394694	1.479201
12024	-882.9809	-1111.751	228.77	1.367548	6.285891	1.347699
12030	-898.0514	-1126.877	228.8256	1.330652	6.880536	1.223525
12036	-879.3083	-1108.436	229.128	1.335773	6.872928	0.9374218
12042	-882.9639	-1112.109	229.1453	1.266967	6.20591	1.132809
12048	-889.5162	-1118.64	229.124	1.266967	5.569197	1.284284
12054	-889.5291	-1118.993	229.464	1.5123	4.214344	1.115586
12060	-899.4393	-1128.317	228.8778	1.142186	6.873912	1.336577
12066	-888.1734	-1116.874	228.7002	1.42945	6.438588	1.325968
12072	-897.5161	-1126.448	228.9315	1.298348	6.815749	1.172363
12078	-886.351	-1115.535	229.184	1.220053	6.096302	1.163057
12084	-887.6673	-1117.127	229.4596	1.480667	4.486653	1.069864
12090	-894.4489	-1124.003	229.5546	1.325943	4.365666	1.158087
12096	-888.6903	-1117.676	228.9853	1.350599	5.585377	1.325549
12102	-886.1064	-1115.215	229.1084	1.307594	5.899179	1.193984
12108	-901.8266	-1130.901	229.0744	1.441722	5.625188	1.166405
12114	-893.6551	-1122.707	229.052	1.210318	5.131956	1.476292
12120	-887.8172	-1117.406	229.5888	1.24149	3.959046	1.311871
12126	-893.3336	-1122.735	229.4016	1.450145	5.284519	0.929654
12132	-890.7048	-1119.578	228.8731	1.485891	7.408785	0.929654
12138	-896.6916	-1125.571	228.8792	1.436312	5.625828	1.333665
12144	-883.8999	-1112.851	228.951	1.11737	5.666802	1.516114
12150	-880.7799	-1109.992	229.2123	1.322502	5.172353	1.252248
12156	-887.414	-1116.407	228.993	1.541349	5.425611	1.195388
12162	-883.495	-1112.001	228.5056	1.275063	8.920616	1.208512
12168	-883.6347	-1112.823	229.1886	1.08365	5.561882	1.380861
12174	-878.4521	-1107.017	228.5651	1.057903	6.301197	1.727248
12180	-875.5426	-1104.243	228.7	1.086539	5.627309	1.727248
12186	-881.2822	-1110.254	228.9717	1.211099	5.627309	1.437226
12192	-885.8307	-1114.877	229.0466	1.573266	6.356216	0.8920853
12198	-893.992	-1123.135	229.1431	1.537194	6.089403	0.8944472
12204	-893.6184	-1122.226	228.6078	1.107226	7.657849	1.448518
12210	-882.424	-1111.304	228.8804	1.562552	7.047738	0.9195382
12216	-885.4032	-1114.798	229.3943	1.562552	5.251877	0.8168242
12222	-882.0711	-1111.363	229.2917	1.534393	5.202012	0.9800093
12228	-882.2384	-1111.331	229.0926	1.535139	6.021515	0.9687741
12234	-887.1655	-1116.122	228.9561	1.257408	5.809232	1.377992
12240	-893.8385	-1122.767	228.9281	1.522562	7.113184	0.8955801
12246	-893.9318	-1122.635	228.7036	1.543997	8.139316	0.8955801
12252	-907.5504	-1136.571	229.0208	1.407102	5.998653	1.162691
12258	-897.9887	-1127.059	229.0701	1.417406	5.767186	1.160131
12264	-888.3119	-1117.282	228.9698	1.148054	5.529461	1.505406
12270	-892.5426	-1121.756	229.2131	1.081159	5.168666	1.444412
12276	-900.057	-1128.705	228.6476	1.199687	6.07246	1.605417
12282	-888.5407	-1117.568	229.027	1.270949	5.666778	1.339384
12288	-898.0322	-1126.78	228.7478	1.335865	6.737077	1.309273
12294	-890.0133	-1119.126	229.1125	1.164341	5.67421	1.354682
12300	-897.7834	-1126.633	228.8499	1.696328	7.50763	0.6371448
12306	-896.967	-1126.276	229.3094	1.45356	6.370856	0.6915995
12312	-893.3079	-1122.31	229.0024	1.916836	5.846868	0.6257116
12318	-911.3308	-1140.326	228.9949	1.594604	6.536975	0.8798283
12324	-897.9908	-1127.019	229.0287	1.290392	6.89594	1.076409
12330	-882.6081	-1111.464	228.8555	1.463528	6.89594	1.076409
12336	-897.4553	-1126.524	229.0684	1.256753	7.317883	0.9844401
12342	-895.1727	-1124.78	229.6069	1.320257	4.715292	1.016521
12348	-908.69	-1137.471	228.7814	1.045771	5.477685	1.725741
12354	-892.4987	-1120.915	228.4161	1.113944	6.482957	1.76323
12360	-889.3075	-1118.396	229.0883	1.322412	5.418118	1.30018
12366	-895.9669	-1124.8	228.8333	1.437264	5.974014	1.30018
12372	-894.4377	-1123.781	229.3432	1.438837	4.089022	1.315636
12378	-894.6843	-1123.651	228.9665	1.128096	4.460996	1.739715
12384	-889.2727	-1118.307	229.0348	1.166813	5.040373	1.540649
12390	-876.3419	-1105.656	229.3146	1.360911	4.452273	1.308057
12396	-886.7512	-1116.127	229.3755	1.347272	5.642456	0.9672965
12402	-884.5206	-1113.504	228.9836	1.308185	7.746986	0.9295897
12408	-890.8958	-1120.488	229.5919	1.574795	3.841171	1.054887
12414	-892.7413	-1121.454	228.7129	1.21909	7.905198	1.237063
12420	-887.5165	-1116.289	228.7725	1.411461	7.905198	1.009332
12426	-898.5327	-1127.439	228.906	1.431035	7.563161	0.9197566
12432	-900.8552	-1129.623	228.7681	1.399944	7.50689	1.098815
12438	-886.9305	-1116.087	229.1565	1.190893	5.067165	1.425026
12444	-878.6207	-1107.372	228.7513	1.209355	5.067165	1.709389
12450	-883.3619	-1112.194	228.8321	1.326521	6.171443	1.352167
12456	-889.9207	-1119.146	229.2255	1.48571	6.194149	0.8279594
12462	-885.9652	-1115.141	229.1759	1.451074	4.857566	1.248812
12468	-883.7632	-1112.415	228.6516	1.217558	8.889493	1.136023
12474	-883.857	-1113.325	229.468	1.490829	5.334406	0.78477
12480	-878.587	-1107.737	229.1505	1.547737	5.334406	1.070096
12486	-885.3611	-1114.446	229.0849	1.287942	5.931528	1.224049
12492	-886.0204	-1115.331	229.3109	1.277911	5.134616	1.215471
12498	-893.6859	-1122.734	229.0481	1.402572	6.331042	1.070931
12504	-895.9662	-1124.842	228.8757	1.453516	7.046366	1.036365
12510	-884.164	-1113.361	229.1967	1.690751	6.02523	0.5933715
12516	-878.5171	-1107.569	229.0517	1.98337	5.487975	0.4679367
12522	-884.4989	-1113.834	229.3348	1.601583	5.145375	0.8770916
12528	-889.6212	-1118.729	229.1081	1.676577	6.287426	0.6871217
12534	-893.496	-1122.658	229.1616	1.413519	5.816193	1.069655
12540	-896.3484	-1125.294	228.9458	1.526994	5.895344	1.145218
12546	-890.9036	-1119.481	228.5775	1.228071	6.002601	1.647649
12552	-883.008	-1112.073	229.0649	1.242004	7.126927	1.041461
12558	-894.4607	-1123.093	228.6322	1.242004	4.951513	1.792566
12564	-898.3324	-1127.105	228.773	1.31763	4.563721	1.720499
12570	-881.8361	-1110.85	229.0141	1.085541	7.748958	1.117541
12576	-893.9599	-1123.08	229.1198	1.009723	4.952219	1.611581
12582	-891.9712	-1121.034	229.0625	1.132964	4.283385	1.707891
12588	-899.7467	-1128.866	229.1191	0.9564738	4.211974	1.807629
12594	-891.537	-1121.29	229.7527	1.22718	3.529319	1.314411
12600	-883.0119	-1111.986	228.9742	1.194179	7.377733	1.122232
12606	-884.1596	-1113.702	229.5428	1.202019	4.484479	1.242855
12612	-895.3182	-1123.984	228.6659	1.386185	7.04105	1.28167
12618	-895.5479	-1124.72	229.172	1.332831	5.15168	1.28167
12624	-900.6529	-1129.996	229.3434	0.9960163	4.759821	1.497613
12630	-905.3381	-1134.089	228.7506	1.076039	5.052499	1.805875
12636	-909.4158	-1138.325	228.9088	1.132631	5.027201	1.659875
12642	-904.1864	-1133.238	229.0518	1.190482	4.348579	1.659875
12648	-900.8462	-1130.289	229.443	1.115956	4.863882	1.303277
12654	-902.9551	-1132.383	229.4283	1.274682	3.958707	1.412543
12660	-905.7952	-1134.971	229.1759	1.158083	5.135293	1.420874
12666	-893.6304	-1123.098	229.4678	1.114696	4.045517	1.482251
12672	-904.9927	-1134.07	229.0772	1.319782	4.633766	1.482251
12678	-891.999	-1121.126	229.1268	1.319782	5.531572	1.246372
12684	-884.9444	-1113.972	229.0275	1.337171	6.430661	1.128854
12690	-892.3881	-1120.939	228.5512	1.453542	9.632135	0.875641
12696	-894.7204	-1122.797	228.0763	1.572015	12.6146	0.7806181
12702	-887.6888	-1116.634	228.9448	1.559418	7.292149	0.7831963
12708	-892.3015	-1121.238	228.9364	1.42483	7.292149	0.9525938
12714	-902.6002	-1131.799	229.1987	1.142658	4.649379	1.52049
12720	-894.1295	-1122.923	228.7937	1.401366	8.199118	0.9409947
12726	-902.5378	-1131.566	229.0284	1.414226	6.144705	1.118488
12732	-890.7803	-1119.784	229.0042	1.521121	6.489041	0.9619027
12738	-882.3292	-1111.521	229.1917	1.64357	5.714976	0.8182485
12744	-889.9298	-1119.367	229.4375	1.501801	4.481146	1.072394
12750	-888.7544	-1117.808	229.054	1.454713	6.326009	1.016363
12756	-895.096	-1124.16	229.0638	1.510826	6.326009	0.9492435
12762	-906.5027	-1135.472	228.9688	1.73595	6.885815	0.5363921
12768	-908.8899	-1138.176	229.2862	1.902356	4.918983	0.5407287
12774	-897.8962	-1126.618	228.7213	1.209753	5.400448	1.666402
12780	-883.1339	-1112.014	228.8805	1.189908	5.872129	1.476214
12786	-888.1389	-1116.928	228.7888	0.8482589	5.872129	1.788948
12792	-907.1755	-1136.483	229.3075	1.287251	3.859123	1.520604
12798	-886.682	-1116.157	229.4748	1.153305	3.982049	1.463866
12804	-884.7806	-1114.219	229.4386	1.466882	4.748831	1.028125
12810	-884.819	-1114.314	229.4949	1.360461	4.036871	1.270007
12816	-880.9498	-1110.577	229.6272	1.316242	4.668893	1.013981
12822	-887.4449	-1117.166	229.7206	1.281297	3.55215	1.289645
12828	-890.5544	-1119.964	229.4096	1.093842	4.618744	1.404253
12834	-881.6147	-1110.97	229.3551	1.093388	4.168529	1.551978
12840	-881.2649	-1110.629	229.3639	1.402693	4.71733	1.1644
12846	-880.4809	-1109.645	229.1637	1.193163	6.184865	1.185856
12852	-895.0682	-1124.447	229.3785	1.386159	5.396535	0.9895406
12858	-885.7824	-1114.838	229.0558	1.41761	5.396535	1.253346
12864	-886.8122	-1115.763	228.951	1.231881	6.50744	1.269923
12870	-883.0616	-1112.45	229.3881	1.231881	6.244949	0.9207491
12876	-901.2214	-1130.223	229.0019	1.607741	6.30972	0.9155831
12882	-884.3208	-1113.697	229.3759	1.489127	5.910024	0.7040268
12888	-877.1303	-1106.362	229.232	1.637998	5.948096	0.6782879
12894	-894.8597	-1123.504	228.6444	1.566737	8.915417	0.7652067
12900	-894.2108	-1123.28	229.0689	1.414533	6.397608	1.025011
12906	-889.0269	-1117.935	228.9083	1.209318	8.172	1.025011
12912	-892.3714	-1121.242	228.8701	1.235961	6.043762	1.417062
12918	-871.2601	-1100.122	228.8615	1.328521	7.394734	1.099455
12924	-874.4841	-1103.61	229.1263	1.511581	5.890038	0.9909864
12930	-883.5484	-1113	229.4519	1.652429	4.36817	0.9431216
12936	-881.731	-1111.084	229.3532	1.276685	6.355187	0.8809455
12942	-889.0301	-1118.002	228.9721	1.440957	6.568737	1.055442
12948	-889.7907	-1119.137	229.3465	1.711637	5.227316	0.6716329
12954	-905.7065	-1133.696	227.9891	1.889533	11.64787	0.4185942
12960	-901.9615	-1131.559	229.5976	1.335025	4.476189	1.080038
12966	-892.0347	-1121.557	229.5223	1.185546	4.82057	1.189321
12972	-887.1098	-1116.571	229.4615	1.333511	5.320732	0.9790753
12978	-881.0821	-1110.125	229.0426	1.626592	6.637191	0.7468829
12984	-882.0199	-1111.496	229.4756	1.323883	6.070993	0.7468829
12990	-885.9204	-1115.016	229.0954	1.643716	6.070993	0.8296097
12996	-889.3795	-1118.431	229.0515	1.613368	6.836955	0.6807625
13002	-895.8965	-1125.205	229.3086	1.63592	5.534344	0.7285609
13008	-887.0521	-1116.536	229.4834	1.671631	4.815305	0.705043
13014	-895.7159	-1124.359	228.6432	1.171269	7.587363	1.382368
13020	-889.8241	-1118.42	228.5959	1.354401	9.714276	0.9219396
13026	-881.2322	-1110.084	228.8519	1.129957	6.742368	1.389267
13032	-879.9558	-1108.447	228.4915	1.014536	4.76112	2.077846
13038	-883.5989	-1112.672	229.0728	1.172932	4.158933	1.700686
13044	-898.1591	-1126.758	228.5985	1.244359	8.587755	1.205466
13050	-886.5206	-1115.327	228.806	1.362806	6.418935	1.29793
13056	-896.8818	-1126.125	229.2429	1.362806	6.418935	0.8918989
13062	-892.7963	-1121.779	228.9829	0.8693057	3.451454	2.135573
13068	-889.8617	-1118.695	228.833	0.8920422	5.666691	1.763365
13074	-902.48	-1131.832	229.352	1.091029	5.669979	1.219553
13080	-894.3704	-1123.603	229.2328	1.159228	6.743364	1.038558
13086	-879.5642	-1108.849	229.2844	1.397492	5.164206	1.127212
13092	-888.528	-1117.897	229.3692	1.252975	4.203106	1.412391
13098	-899.024	-1128.804	229.7805	1.240916	3.654483	1.242578
13104	-909.6593	-1138.608	228.949	1.305475	5.643722	1.378383
13110	-892.0412	-1120.841	228.7999	1.07378	6.268913	1.552224
13116	-895.1598	-1123.792	228.6325	1.157442	5.622187	1.72577
13122	-895.1266	-1123.536	228.4095	1.082137	5.622187	1.931158
13128	-885.763	-1114.731	228.968	1.069075	4.604238	1.749569
13134	-895.144	-1123.879	228.7346	1.32454	4.771908	1.699095
13140	-889.2124	-1118.134	228.9211	1.164729	6.043421	1.43275
13146	-886.6473	-1115.829	229.1819	1.438114	5.654923	1.06542
13152	-883.9118	-1113.27	229.3587	1.170783	4.329747	1.452516
13158	-884.5124	-1113.6	229.0871	1.141291	6.089439	1.311908
13164	-890.3862	-1119.212	228.826	1.258396	7.35199	1.200633
13170	-896.6757	-1125.716	229.0407	1.228331	6.491257	1.200633
13176	-885.7438	-1114.723	228.9788	1.348179	6.491257	1.15022
13182	-890.8969	-1120.232	229.3352	1.354276	4.822455	1.204582
13188	-890.5706	-1119.866	229.2949	1.203724	4.749377	1.37784
13194	-884.4919	-1113.513	229.0213	1.150768	5.00822	1.569042
13200	-895.3023	-1124.262	228.9594	1.37515	5.930265	1.256422
13206	-891.9371	-1121.075	229.1379	1.429554	6.516079	0.9101166
13212	-884.9964	-1114.097	229.1003	1.713533	5.971108	0.7613543
13218	-893.3257	-1122.752	229.4264	1.337215	5.478357	0.968686
13224	-890.4676	-1118.981	228.5129	1.434741	9.051501	1.037344
13230	-870.6977	-1099.919	229.2208	1.592136	5.960378	0.7663675
13236	-877.9664	-1107.208	229.2421	1.48212	6.301834	0.7774272
13242	-890.7	-1119.544	228.8439	1.489012	7.079295	1.026023
13248	-880.2571	-1109.682	229.4254	1.436482	4.90733	1.026023
13254	-885.616	-1114.776	229.1597	1.430824	6.845392	0.793898
13260	-889.5896	-1118.431	228.8416	1.252043	6.855505	1.280171
13266	-883.2027	-1111.873	228.6699	0.9421244	5.534967	1.864585
13272	-891.4339	-1120.532	229.0976	1.497881	6.902052	0.7700932
13278	-890.4154	-1119.113	228.6978	1.660393	8.086815	0.768952
13284	-875.8928	-1104.968	229.0754	1.599254	6.659876	0.7305778
13290	-878.8672	-1108.006	229.1384	1.780587	5.842682	0.628915
13296	-870.9995	-1100.051	229.0517	1.418139	6.711739	0.9679749
13302	-896.1291	-1125.62	229.4913	1.655145	4.761208	0.7442489
13308	-895.0547	-1124.151	229.0963	1.597696	6.533631	0.7442489
13314	-899.8284	-1128.449	228.6207	1.597696	8.529268	0.8457518
13320	-886.8456	-1115.646	228.8006	1.726246	7.3488	0.7330244
13326	-888.2704	-1117.681	229.4102	1.472059	5.536015	0.8163587
13332	-885.552	-1114.343	228.7915	1.888883	6.967383	0.5717797
13338	-888.2524	-1117.511	229.2585	1.72162	5.569627	0.6464701
13344	-880.4139	-1109.435	229.0211	1.863576	6.101162	0.4920969
13350	-896.0038	-1124.747	228.7428	1.842389	7.162238	0.6999954
13356	-901.5319	-1130.598	229.0658	1.958812	5.536312	0.5038711
13362	-896.2397	-1125.246	229.0059	1.788403	6.490985	0.5038711
13368	-891.1293	-1119.742	228.6124	1.788403	8.437701	0.5038711
13374	-895.6566	-1124.376	228.7198	1.470516	8.821649	0.8158131
13380	-889.757	-1118.432	228.6752	1.470516	9.079626	0.8158131
13386	-897.5823	-1126.374	228.7921	1.323012	7.785063	1.097092
13392	-895.7869	-1124.59	228.8029	1.326715	6.768126	1.266128
13398	-902.0143	-1131.196	229.1815	1.260738	6.415825	1.060596
13404	-917.6571	-1146.706	229.0484	1.169895	6.464048	1.248711
13410	-885.2207	-1114.122	228.9016	1.521161	7.549979	0.8220912
13416	-894.384	-1123.146	228.7623	1.534132	7.379064	1.000855
13422	-890.472	-1119.387	228.915	1.399775	7.434527	0.970786
13428	-889.569	-1118.841	229.2719	1.412295	5.175634	1.122315
13434	-892.5757	-1122.146	229.5702	1.485871	4.424503	0.9752766
13440	-878.9134	-1108.549	229.6356	1.574917	4.290263	0.850834
13446	-892.778	-1121.856	229.0777	1.658149	6.505052	0.6853232
13452	-895.6805	-1124.06	228.38	1.830297	9.259912	0.6691668
13458	-903.7012	-1132.96	229.2591	1.825654	5.241357	0.6000746
13464	-899.4565	-1129.294	229.8374	1.463214	4.172428	0.7835973
13470	-886.591	-1115.904	229.3127	1.397182	6.322676	0.7905025
13476	-883.1175	-1112.255	229.1371	1.173567	6.092855	1.243659
13482	-878.0426	-1107.187	229.1446	1.210743	6.247997	1.174384
13488	-888.1692	-1117.226	229.0565	1.488631	6.321579	0.9809511
13494	-877.4744	-1106.226	228.7512	1.393152	6.864151	1.236499
13500	-887.5907	-1116.891	229.3003	1.265938	5.343544	1.186562
13506	-895.7871	-1124.998	229.211	1.433868	5.549734	1.067292
13512	-879.3349	-1108.763	229.4282	1.435086	5.179217	0.9478175
13518	-875.1058	-1104.127	229.0211	1.337107	6.877011	1.043172
13524	-890.079	-1119.711	229.632	1.473444	4.177475	1.004562
13530	-882.6125	-1111.661	229.0488	1.261858	6.520195	1.158806
13536	-889.3731	-1118.519	229.1456	1.41448	4.729124	1.333853
13542	-885.7038	-1114.675	228.9708	1.378547	7.337704	0.9552771
13548	-900.4695	-1129.344	228.8747	1.23008	5.802411	1.463182
13554	-897.7065	-1127.14	229.4331	1.175741	4.320807	1.393551
13560	-887.8385	-1116.593	228.7548	1.290891	6.746347	1.338172
13566	-885.7865	-1114.805	229.0188	1.173384	6.104145	1.338172
13572	-891.0376	-1119.821	228.7832	1.114316	5.663766	1.641777
13578	-884.4261	-1113.164	228.7381	1.280164	5.478067	1.588851
13584	-878.5705	-1107.215	228.6444	0.9826531	5.478067	1.864369
13590	-893.9095	-1122.459	228.5492	1.33448	8.805404	1.136131
13596	-899.2138	-1127.649	228.4352	1.37216	8.805404	1.202851
13602	-887.8087	-1116.638	228.8291	1.323667	6.70296	1.258802
13608	-894.2996	-1123.343	229.043	1.230004	7.00297	1.097877
13614	-894.1239	-1122.767	228.6431	1.384363	7.00297	1.308293
13620	-884.724	-1113.159	228.4346	1.142818	7.00297	1.649064
13626	-902.7357	-1131.508	228.7722	1.40584	7.897594	1.016655
13632	-897.8076	-1126.62	228.8125	1.41064	8.414899	0.8649559
13638	-898.9605	-1128.03	229.0692	1.487239	6.256524	0.9848098
13644	-887.8638	-1116.618	228.7537	1.328431	8.976324	0.9123784
13650	-912.0073	-1141.006	228.9985	1.630189	6.91844	0.7138028
13656	-894.9599	-1124.001	229.0416	1.447336	7.401572	0.7734559
13662	-909.0404	-1137.255	228.2145	1.502801	11.80803	0.8312605
13668	-898.9138	-1127.932	229.0184	1.399772	6.635813	1.03625
13674	-906.4483	-1135.444	228.9958	1.349971	6.371293	1.157763
13680	-899.0094	-1128.172	229.1627	1.660716	5.396634	0.9280716
13686	-886.6159	-1116.302	229.6859	1.671487	4.203089	0.677396
13692	-891.8498	-1121.115	229.2655	1.514825	5.839088	0.8483367
13698	-885.7264	-1114.73	229.0036	1.564	6.802136	0.8357888
13704	-885.0813	-1114.19	229.1092	1.415959	6.487059	0.9625441
13710	-890.5974	-1119.712	229.115	1.374332	4.688118	1.39918
13716	-889.3741	-1119.064	229.6904	1.318854	3.375893	1.3376
13722	-886.4364	-1115.793	229.3568	1.383488	5.199928	1.064575
13728	-883.4273	-1112.65	229.2228	1.168967	4.277354	1.567971
13734	-898.4396	-1127.142	228.7022	1.259683	4.277354	1.871328
13740	-889.5711	-1118.289	228.7175	1.078441	4.277354	1.983392
13746	-882.9454	-1111.929	228.9836	1.303399	4.798783	1.528287
13752	-875.1094	-1103.483	228.3732	1.250081	6.917298	1.629236
13758	-879.0086	-1107.883	228.8739	1.243904	5.889618	1.436792
13764	-879.6874	-1108.23	228.543	1.462787	6.361644	1.436792
13770	-893.3839	-1122.342	228.9577	1.502464	7.453918	0.7983837
13776	-881.6299	-1110.725	229.0948	1.728841	5.822255	0.7983837
13782	-884.8885	-1114.314	229.4257	1.826849	4.658516	0.5914757
13788	-886.1104	-1115.477	229.3663	1.801424	4.809754	0.6852631
13794	-890.4895	-1119.975	229.4858	1.695656	4.314552	0.876279
13800	-892.5025	-1121.733	229.2309	1.218808	7.143945	0.8893366
13806	-899.2887	-1128.13	228.8418	1.353338	7.816588	1.015261
13812	-895.2627	-1124.629	229.3665	1.306119	4.779562	1.2295
13818	-893.0657	-1121.968	228.9028	1.263998	4.779562	1.62042
13824	-887.9025	-1116.974	229.0718	1.495318	5.722628	1.098775
13830	-895.7254	-1124.418	228.6924	1.306667	4.947567	1.705905
13836	-883.323	-1112.616	229.2932	1.235204	4.916567	1.315806
13842	-894.7027	-1124.06	229.3569	1.529724	5.496141	0.8240374
13848	-896.3198	-1125.736	229.4162	1.694045	5.044444	0.6676629
13854	-896.5336	-1125.744	229.2105	1.437734	6.262966	0.8843747
13860	-893.5868	-1123.387	229.7997	1.869265	3.375922	0.6361003
13866	-895.7465	-1125.142	229.3959	1.545292	5.096804	0.8869774
13872	-893.3302	-1122.556	229.2256	1.585624	5.270066	0.9764244
13878	-905.3996	-1134.779	229.3791	1.373435	4.601946	1.206231
13884	-897.0921	-1125.903	228.8106	1.448335	6.507202	1.206231
13890	-894.4104	-1123.851	229.4406	1.172737	5.383601	1.135879
13896	-888.2507	-1117.623	229.3723	1.433082	5.483124	0.923096
13902	-892.7137	-1122.109	229.3954	1.507244	5.455648	0.8170471
13908	-890.5484	-1119.693	229.145	1.802536	5.455648	0.7552384
13914	-892.597	-1121.684	229.0873	1.122843	6.591688	1.231448
13920	-891.1663	-1120.399	229.2323	1.169188	4.528559	1.502722
13926	-886.5538	-1115.73	229.1757	1.139251	6.170495	1.224537
13932	-892.7315	-1121.602	228.8703	1.205656	7.256009	1.224537
13938	-885.0057	-1114.141	229.1358	1.169186	4.494012	1.58195
13944	-889.7056	-1119.024	229.3185	1.482332	4.738916	1.128444
13950	-888.5776	-1117.424	228.8465	1.350274	6.59351	1.242325
13956	-888.9398	-1118.22	229.28	1.166664	6.024803	1.140524
13962	-889.2089	-1118.25	229.0412	1.406737	6.110127	1.121038
13968	-884.6069	-1113.326	228.7192	1.206502	6.912826	1.404215
13974	-893.7714	-1123.267	229.496	1.399103	4.460037	1.118974
13980	-892.4718	-1121.277	228.805	1.504315	6.457742	1.172375
13986	-890.1831	-1119.232	229.0488	1.306339	6.457742	1.131919
13992	-895.8659	-1124.568	228.7025	1.494406	5.900304	1.373388
13998	-895.9272	-1125.46	229.5329	1.413389	4.266274	1.127574
14004	-887.5558	-1116.592	229.0363	1.369103	5.685746	1.247901
14010	-894.0794	-1123.991	229.9113	1.511114	3.251367	1.019814
14016	-884.7872	-1113.871	229.0837	1.511114	4.99063	1.244148
14022	-880.4421	-1109.282	228.8399	1.423488	5.909263	1.318793
14028	-878.9073	-1107.878	228.971	1.148559	5.909263	1.431757
14034	-882.8133	-1112.2	229.3864	1.229056	3.758357	1.531443
14040	-887.3395	-1116.504	229.1646	1.020408	5.230439	1.514264
14046	-886.5259	-1115.683	229.1576	1.137434	5.117281	1.454545
14052	-891.1946	-1120.519	229.3245	1.243986	5.117281	1.236723
14058	-898.8152	-1128.167	229.3514	1.569483	5.588925	0.7435785
14064	-887.7057	-1117.191	229.485	1.7604	4.380605	0.7678485
14070	-891.4105	-1120.395	228.9846	1.732761	6.457838	0.7347238
14076	-884.9537	-1114.76	229.8067	1.404447	4.249773	0.8655678
14082	-888.5596	-1117.322	228.7624	1.281902	4.781784	1.707577
14088	-880.6526	-1110.368	229.7153	1.378079	3.637212	1.186734
14094	-895.6656	-1124.672	229.006	1.308763	6.804216	1.098686
14100	-895.2902	-1124.523	229.2333	1.797261	5.333151	0.6700503
14106	-890.4671	-1119.722	229.2546	1.813085	5.151608	0.6922711
14112	-891.3701	-1120.761	229.3913	1.813085	4.852002	0.5589994
14118	-887.4138	-1116.248	228.8345	1.895217	6.757657	0.5537445
14124	-894.3143	-1123.221	228.9062	1.550338	6.125776	1.109876
14130	-886.9498	-1116.339	229.3893	1.31008	4.877488	1.182436
14136	-886.4588	-1115.794	229.3353	1.232426	4.257287	1.440902
14142	-888.6444	-1117.613	228.9683	1.125199	5.843262	1.464038
14148	-893.2733	-1122.116	228.8431	1.21941	7.133028	1.257132
14154	-880.411	-1109.436	229.0253	1.00741	4.427182	1.790182
14160	-876.3615	-1105.116	228.7544	1.00741	5.140001	1.833919
14166	-887.9251	-1117.226	229.3011	1.183275	5.140001	1.300993
14172	-892.4483	-1121.554	229.1061	1.155634	5.264398	1.449439
14178	-903.4622	-1132.943	229.4808	1.534632	4.736432	0.9186822
14184	-897.0488	-1126.034	228.9849	1.480637	6.945079	0.9186822
14190	-894.9667	-1123.952	228.9852	1.423268	6.711144	1.029536
14196	-881.1988	-1111.023	229.8239	1.400791	4.373115	0.7997226
14202	-889.5196	-1118.348	228.8279	1.780176	7.09395	0.6845825
14208	-883.8582	-1112.835	228.9767	1.71016	6.676152	0.7045087
14214	-877.1549	-1106.108	228.9534	1.751261	6.735711	0.6447737
14220	-881.1666	-1110.553	229.3861	1.449895	6.144281	0.6520811
14226	-887.1312	-1116.224	229.093	1.906181	5.545586	0.6152915
14232	-895.0183	-1124.272	229.2536	1.493313	5.545586	0.9679543
14238	-884.8743	-1114.49	229.6155	1.346104	4.762007	0.9679543
14244	-889.1671	-1118.534	229.3671	1.473808	5.474602	0.8857898
14250	-899.2226	-1128.681	229.4582	1.49235	4.108761	1.169127
14256	-885.6873	-1115.25	229.5626	1.491478	3.803977	1.169127
14262	-894.1238	-1122.93	228.8059	0.997807	3.803977	2.083133
14268	-887.0399	-1116.323	229.2834	1.036973	4.512403	1.566563
14274	-895.536	-1124.724	229.1883	1.25197	5.012868	1.364413
14280	-891.1478	-1120.086	228.9386	1.241324	4.207122	1.736055
14286	-892.7455	-1121.933	229.1875	1.214163	4.668125	1.471008
14292	-896.2947	-1125.427	229.1328	1.149935	5.829313	1.319033
14298	-908.3253	-1137.175	228.8494	1.336018	6.426115	1.283012
14304	-910.257	-1139.182	228.9247	1.233596	7.528461	1.103798
14310	-902.4142	-1131.648	229.2343	1.053071	6.90559	1.103798
14316	-888.5888	-1117.388	228.7989	1.142459	6.90559	1.393184
14322	-896.0834	-1124.946	228.8622	1.041559	6.90559	1.422357
14328	-901.9733	-1131.217	229.2441	1.125355	4.669844	1.494948
14334	-886.4365	-1114.872	228.4355	1.626483	10.2782	0.6360404
14340	-892.8902	-1122.529	229.6392	1.561203	4.378727	0.8288835
14346	-889.6305	-1118.831	229.2003	1.440304	6.99141	0.6635377
14352	-886.7077	-1115.843	229.1354	1.439366	7.135412	0.7267891
14358	-896.4819	-1125.933	229.4515	1.438139	5.684141	0.7541757
14364	-903.237	-1132.021	228.784	1.47718	8.926638	0.680726
14370	-897.0511	-1125.808	228.757	1.483948	8.926638	0.7163271
14376	-893.0642	-1122.457	229.393	1.751632	4.957138	0.6471154
14382	-900.3305	-1129.319	228.9888	2.043746	5.502995	0.4815327
14388	-907.4482	-1137.25	229.8019	1.377426	4.389596	0.8508193
14394	-895.1446	-1124.377	229.2326	1.174598	4.481663	1.509209
14400	-892.2116	-1121.024	228.8126	1.153247	7.395007	1.292285
14406	-892.4774	-1121.382	228.9043	1.198125	6.557389	1.326226
14412	-886.0936	-1115.025	228.9314	1.017202	6.300722	1.490936
14418	-889.3722	-1118.091	228.7184	1.037462	6.766076	1.556448
14424	-889.9782	-1119.281	229.3028	1.070134	5.077124	1.403188
14430	-886.1607	-1115.622	229.4617	1.082849	4.199679	1.472671
14436	-886.4432	-1115.463	229.0194	1.149863	6.226761	1.333366
14442	-883.7631	-1113.063	229.2994	1.013672	5.329979	1.396346
14448	-895.9442	-1125.001	229.0563	0.9363928	5.329979	1.6356
14454	-898.1305	-1126.61	228.4791	1.078918	6.263835	1.778781
14460	-887.0333	-1115.811	228.7773	1.086276	5.425712	1.709621
14466	-894.768	-1123.431	228.6633	1.366139	5.492777	1.577837
14472	-885.1212	-1114.249	229.1275	1.164485	4.512636	1.58731
14478	-883.0627	-1112.514	229.4516	1.170081	4.386517	1.367276
14484	-898.4392	-1127.578	229.1388	1.225958	5.686524	1.281304
14490	-899.2601	-1128.831	229.5712	1.468488	4.744838	0.8887259
14496	-906.7352	-1135.778	229.0431	1.42141	5.829735	1.166727
14502	-887.3932	-1117.18	229.7868	1.305883	3.196469	1.327479
14508	-892.9519	-1122.353	229.401	1.305883	4.660418	1.230121
14514	-888.8615	-1118.48	229.6183	1.305883	4.003903	1.221714
14520	-886.155	-1115.924	229.7687	1.520595	3.998281	0.8708987
14526	-877.9103	-1106.841	228.9306	1.461019	6.589122	1.071393
14532	-887.2413	-1116.386	229.1449	1.401771	5.57261	1.151374
14538	-882.2503	-1111.473	229.2232	1.401771	5.59393	1.075382
14544	-885.04	-1114.3	229.2598	1.424503	5.840386	0.9558518
14550	-888.2495	-1117.126	228.8769	1.560861	6.613599	1.022002
14556	-874.0276	-1103.293	229.2656	1.297662	4.957965	1.277882
14562	-892.2259	-1120.502	228.276	1.271889	11.03621	1.118898
14568	-885.422	-1114.609	229.1868	1.248655	6.327817	1.085854
14574	-895.0173	-1124.628	229.6106	1.44372	4.98788	0.7835855
14580	-886.3512	-1115.62	229.269	1.314763	5.998704	1.018584
14586	-892.0071	-1121.416	229.4092	1.349106	5.31042	1.018584
14592	-904.7502	-1133.92	229.1701	1.310165	5.401996	1.246405
14598	-901.4685	-1130.52	229.0517	1.076748	7.227204	1.184727
